[2026-07-13T19:38:56Z] fetch_jobs: scraper error for Accelevents (greenhouse/accelevents): Greenhouse request failed for accelevents: Client error '404 Not Found' for url 'https://boards-api.greenhouse.io/v1/boards/accelevents/jobs'
For more information check: https://developer.mozilla.org/en-US/docs/Web/HTTP/Status/404
[2026-07-13T19:38:56Z] fetch_jobs: scraper error for Acciyo (bamboo/www): BambooHR request failed for www: Client error '404 Not Found' for url 'https://www.bamboohr.com/careers/list'
For more information check: https://developer.mozilla.org/en-US/docs/Web/HTTP/Status/404
[2026-07-13T19:38:56Z] fetch_jobs: scraper error for Activepieces (bamboo/documentation): BambooHR request failed for documentation: Client error '404 Not Found' for url 'https://documentation.bamboohr.com/careers/list'
For more information check: https://developer.mozilla.org/en-US/docs/Web/HTTP/Status/404
[2026-07-13T19:38:56Z] fetch_jobs: scraper error for ABL Space Systems (lever/ablspacesystems): Lever request failed for ablspacesystems: Client error '404 Not Found' for url 'https://api.lever.co/v0/postings/ablspacesystems?mode=json'
For more information check: https://developer.mozilla.org/en-US/docs/Web/HTTP/Status/404
[2026-07-13T19:38:57Z] fetch_jobs: scraper error for Aetion (greenhouse/aetion): Greenhouse request failed for aetion: Client error '404 Not Found' for url 'https://boards-api.greenhouse.io/v1/boards/aetion/jobs'
For more information check: https://developer.mozilla.org/en-US/docs/Web/HTTP/Status/404
[2026-07-13T19:38:57Z] fetch_jobs: scraper error for AgilityIO (ashby/api): Ashby request failed for api: Client error '404 Not Found' for url 'https://api.ashbyhq.com/posting-api/job-board/api'
For more information check: https://developer.mozilla.org/en-US/docs/Web/HTTP/Status/404
[2026-07-13T19:38:57Z] fetch_jobs: scraper error for Agolo (greenhouse/agolo): Greenhouse request failed for agolo: Client error '404 Not Found' for url 'https://boards-api.greenhouse.io/v1/boards/agolo/jobs'
For more information check: https://developer.mozilla.org/en-US/docs/Web/HTTP/Status/404
[2026-07-13T19:38:57Z] fetch_jobs: scraper error for adQuadrant (bamboo/adquadrant): BambooHR JSON parse failed for adquadrant: Expecting value: line 1 column 1 (char 0)
[2026-07-13T19:38:57Z] fetch_jobs: scraper error for Airweave (ashby/Airweave): Ashby request failed for Airweave: Client error '404 Not Found' for url 'https://api.ashbyhq.com/posting-api/job-board/Airweave'
For more information check: https://developer.mozilla.org/en-US/docs/Web/HTTP/Status/404
[2026-07-13T19:38:57Z] fetch_jobs: scraper error for Akili Interactive (greenhouse/akiliinteractive): Greenhouse request failed for akiliinteractive: Client error '404 Not Found' for url 'https://boards-api.greenhouse.io/v1/boards/akiliinteractive/jobs'
For more information check: https://developer.mozilla.org/en-US/docs/Web/HTTP/Status/404
[2026-07-13T19:38:57Z] fetch_jobs: scraper error for Aktana (bamboo/aktana): BambooHR JSON parse failed for aktana: Expecting value: line 1 column 1 (char 0)
[2026-07-13T19:39:00Z] fetch_jobs: scraper error for Aisera (greenhouse/aiserajobs): Greenhouse request failed for aiserajobs: Client error '404 Not Found' for url 'https://boards-api.greenhouse.io/v1/boards/aiserajobs/jobs'
For more information check: https://developer.mozilla.org/en-US/docs/Web/HTTP/Status/404
[2026-07-13T19:39:00Z] fetch_jobs: scraper error for Amplify (workday/amplify/wd1/Amplify_Careers): Workday request failed for amplify/wd1/Amplify_Careers: Client error '403 Forbidden' for url 'https://amplify.wd1.myworkdayjobs.com/wday/cxs/amplify/Amplify_Careers/jobs'
For more information check: https://developer.mozilla.org/en-US/docs/Web/HTTP/Status/403
[2026-07-13T19:39:01Z] fetch_jobs: scraper error for AndPlus (bamboo/andplus): BambooHR JSON parse failed for andplus: Expecting value: line 1 column 1 (char 0)
[2026-07-13T19:39:03Z] fetch_jobs: scraper error for Applied Intuition (greenhouse/appliedintuition): Greenhouse request failed for appliedintuition: Client error '404 Not Found' for url 'https://boards-api.greenhouse.io/v1/boards/appliedintuition/jobs'
For more information check: https://developer.mozilla.org/en-US/docs/Web/HTTP/Status/404
[2026-07-13T19:39:03Z] fetch_jobs: scraper error for AppSumo (greenhouse/appsumocareers): Greenhouse request failed for appsumocareers: Client error '404 Not Found' for url 'https://boards-api.greenhouse.io/v1/boards/appsumocareers/jobs'
For more information check: https://developer.mozilla.org/en-US/docs/Web/HTTP/Status/404
[2026-07-13T19:39:04Z] fetch_jobs: scraper error for aifleet (greenhouse/aifleet): Greenhouse request failed for aifleet: Client error '404 Not Found' for url 'https://boards-api.greenhouse.io/v1/boards/aifleet/jobs'
For more information check: https://developer.mozilla.org/en-US/docs/Web/HTTP/Status/404
[2026-07-13T19:39:08Z] fetch_jobs: scraper error for Ascend.io (ashby/ascend-io): Ashby request failed for ascend-io: Client error '404 Not Found' for url 'https://api.ashbyhq.com/posting-api/job-board/ascend-io'
For more information check: https://developer.mozilla.org/en-US/docs/Web/HTTP/Status/404
[2026-07-13T19:39:09Z] fetch_jobs: scraper error for Athelas (ashby/Commure-Athelas): Ashby request failed for Commure-Athelas: Client error '404 Not Found' for url 'https://api.ashbyhq.com/posting-api/job-board/Commure-Athelas'
For more information check: https://developer.mozilla.org/en-US/docs/Web/HTTP/Status/404
[2026-07-13T19:39:12Z] fetch_jobs: scraper error for BambooHR (bamboo/www): BambooHR request failed for www: Client error '404 Not Found' for url 'https://www.bamboohr.com/careers/list'
For more information check: https://developer.mozilla.org/en-US/docs/Web/HTTP/Status/404
[2026-07-13T19:39:13Z] fetch_jobs: scraper error for Bellhop (lever/bellhops): Lever request failed for bellhops: Client error '404 Not Found' for url 'https://api.lever.co/v0/postings/bellhops?mode=json'
For more information check: https://developer.mozilla.org/en-US/docs/Web/HTTP/Status/404
[2026-07-13T19:39:18Z] fetch_jobs: scraper error for Blue Onion (ashby/Blue): Ashby request failed for Blue: Client error '404 Not Found' for url 'https://api.ashbyhq.com/posting-api/job-board/Blue'
For more information check: https://developer.mozilla.org/en-US/docs/Web/HTTP/Status/404
[2026-07-13T19:39:18Z] fetch_jobs: scraper error for BlueCore (greenhouse/bluecoreinc): Greenhouse request failed for bluecoreinc: Client error '404 Not Found' for url 'https://boards-api.greenhouse.io/v1/boards/bluecoreinc/jobs'
For more information check: https://developer.mozilla.org/en-US/docs/Web/HTTP/Status/404
[2026-07-13T19:39:19Z] fetch_jobs: scraper error for BrandYourself (greenhouse/brandyourself): Greenhouse request failed for brandyourself: Client error '404 Not Found' for url 'https://boards-api.greenhouse.io/v1/boards/brandyourself/jobs'
For more information check: https://developer.mozilla.org/en-US/docs/Web/HTTP/Status/404
[2026-07-13T19:39:20Z] fetch_jobs: scraper error for Brandcast (lever/brandcast): Lever request failed for brandcast: Client error '404 Not Found' for url 'https://api.lever.co/v0/postings/brandcast?mode=json'
For more information check: https://developer.mozilla.org/en-US/docs/Web/HTTP/Status/404
[2026-07-13T19:39:21Z] fetch_jobs: scraper error for Buildxact (greenhouse/buildxact): Greenhouse request failed for buildxact: Client error '404 Not Found' for url 'https://boards-api.greenhouse.io/v1/boards/buildxact/jobs'
For more information check: https://developer.mozilla.org/en-US/docs/Web/HTTP/Status/404
[2026-07-13T19:39:21Z] fetch_jobs: scraper error for BuildZoom (lever/buildzoom): Lever request failed for buildzoom: Client error '404 Not Found' for url 'https://api.lever.co/v0/postings/buildzoom?mode=json'
For more information check: https://developer.mozilla.org/en-US/docs/Web/HTTP/Status/404
[2026-07-13T19:39:23Z] fetch_jobs: scraper error for Cargo (greenhouse/airbyte): Greenhouse request failed for airbyte: Client error '404 Not Found' for url 'https://boards-api.greenhouse.io/v1/boards/airbyte/jobs'
For more information check: https://developer.mozilla.org/en-US/docs/Web/HTTP/Status/404
[2026-07-13T19:39:24Z] fetch_jobs: scraper error for CDC Software (workable/j): Workable request failed for j: Client error '404 Not Found' for url 'https://apply.workable.com/api/v3/accounts/j/jobs'
For more information check: https://developer.mozilla.org/en-US/docs/Web/HTTP/Status/404
[2026-07-13T19:39:24Z] fetch_jobs: scraper error for Cerebras Systems (greenhouse/cerebrassystems): Greenhouse request failed for cerebrassystems: Client error '404 Not Found' for url 'https://boards-api.greenhouse.io/v1/boards/cerebrassystems/jobs'
For more information check: https://developer.mozilla.org/en-US/docs/Web/HTTP/Status/404
[2026-07-13T19:39:28Z] fetch_jobs: scraper error for Circular (greenhouse/nowcircular): Greenhouse request failed for nowcircular: Client error '404 Not Found' for url 'https://boards-api.greenhouse.io/v1/boards/nowcircular/jobs'
For more information check: https://developer.mozilla.org/en-US/docs/Web/HTTP/Status/404
[2026-07-13T19:39:34Z] fetch_jobs: scraper error for CoachHub (ashby/CoachHub): Ashby request failed for CoachHub: Client error '404 Not Found' for url 'https://api.ashbyhq.com/posting-api/job-board/CoachHub'
For more information check: https://developer.mozilla.org/en-US/docs/Web/HTTP/Status/404
[2026-07-13T19:39:36Z] fetch_jobs: scraper error for CollegeVine (ashby/collegevine.com): Ashby request failed for collegevine.com: Client error '404 Not Found' for url 'https://api.ashbyhq.com/posting-api/job-board/collegevine.com'
For more information check: https://developer.mozilla.org/en-US/docs/Web/HTTP/Status/404
[2026-07-13T19:39:39Z] fetch_jobs: scraper error for Common Paper (greenhouse/commonpaper): Greenhouse request failed for commonpaper: Client error '404 Not Found' for url 'https://boards-api.greenhouse.io/v1/boards/commonpaper/jobs'
For more information check: https://developer.mozilla.org/en-US/docs/Web/HTTP/Status/404
[2026-07-13T19:39:43Z] fetch_jobs: scraper error for Copy.ai (lever/CopyAI): Lever request failed for CopyAI: Client error '404 Not Found' for url 'https://api.lever.co/v0/postings/CopyAI?mode=json'
For more information check: https://developer.mozilla.org/en-US/docs/Web/HTTP/Status/404
[2026-07-13T19:39:43Z] fetch_jobs: scraper error for Coris (ashby/coris): Ashby request failed for coris: Client error '404 Not Found' for url 'https://api.ashbyhq.com/posting-api/job-board/coris'
For more information check: https://developer.mozilla.org/en-US/docs/Web/HTTP/Status/404
[2026-07-13T19:39:43Z] fetch_jobs: scraper error for CreatorIQ (greenhouse/creatoriq): Greenhouse request failed for creatoriq: Client error '404 Not Found' for url 'https://boards-api.greenhouse.io/v1/boards/creatoriq/jobs'
For more information check: https://developer.mozilla.org/en-US/docs/Web/HTTP/Status/404
[2026-07-13T19:39:49Z] fetch_jobs: scraper error for Datacurve (ashby/datacurve): Ashby request failed for datacurve: Client error '404 Not Found' for url 'https://api.ashbyhq.com/posting-api/job-board/datacurve'
For more information check: https://developer.mozilla.org/en-US/docs/Web/HTTP/Status/404
[2026-07-13T19:39:50Z] fetch_jobs: scraper error for Deloitte Consulting (lever/deloitte): Lever request failed for deloitte: Client error '404 Not Found' for url 'https://api.lever.co/v0/postings/deloitte?mode=json'
For more information check: https://developer.mozilla.org/en-US/docs/Web/HTTP/Status/404
[2026-07-13T19:39:50Z] fetch_jobs: scraper error for Demodesk (greenhouse/demodesk): Greenhouse request failed for demodesk: Client error '404 Not Found' for url 'https://boards-api.greenhouse.io/v1/boards/demodesk/jobs'
For more information check: https://developer.mozilla.org/en-US/docs/Web/HTTP/Status/404
[2026-07-13T19:39:50Z] fetch_jobs: scraper error for Denim (greenhouse/denim): Greenhouse request failed for denim: Client error '404 Not Found' for url 'https://boards-api.greenhouse.io/v1/boards/denim/jobs'
For more information check: https://developer.mozilla.org/en-US/docs/Web/HTTP/Status/404
[2026-07-13T19:39:50Z] fetch_jobs: scraper error for Deno (ashby/Deno): Ashby request failed for Deno: Client error '404 Not Found' for url 'https://api.ashbyhq.com/posting-api/job-board/Deno'
For more information check: https://developer.mozilla.org/en-US/docs/Web/HTTP/Status/404
[2026-07-13T19:39:53Z] fetch_jobs: scraper error for DirectShifts (greenhouse/directshifts): Greenhouse request failed for directshifts: Client error '404 Not Found' for url 'https://boards-api.greenhouse.io/v1/boards/directshifts/jobs'
For more information check: https://developer.mozilla.org/en-US/docs/Web/HTTP/Status/404
[2026-07-13T19:39:53Z] fetch_jobs: scraper error for Divvy Homes (greenhouse/divvyhomes): Greenhouse request failed for divvyhomes: Client error '404 Not Found' for url 'https://boards-api.greenhouse.io/v1/boards/divvyhomes/jobs'
For more information check: https://developer.mozilla.org/en-US/docs/Web/HTTP/Status/404
[2026-07-13T19:39:54Z] fetch_jobs: scraper error for Doe (ashby/doe): Ashby request failed for doe: Client error '404 Not Found' for url 'https://api.ashbyhq.com/posting-api/job-board/doe'
For more information check: https://developer.mozilla.org/en-US/docs/Web/HTTP/Status/404
[2026-07-13T19:39:54Z] fetch_jobs: scraper error for doxo (greenhouse/doxocareers): Greenhouse request failed for doxocareers: Client error '404 Not Found' for url 'https://boards-api.greenhouse.io/v1/boards/doxocareers/jobs'
For more information check: https://developer.mozilla.org/en-US/docs/Web/HTTP/Status/404
[2026-07-13T19:40:03Z] fetch_jobs: scraper error for Eppo (ashby/eppo): Ashby request failed for eppo: Client error '404 Not Found' for url 'https://api.ashbyhq.com/posting-api/job-board/eppo'
For more information check: https://developer.mozilla.org/en-US/docs/Web/HTTP/Status/404
[2026-07-13T19:40:03Z] fetch_jobs: scraper error for EquityMultiple (greenhouse/equitymultiple): Greenhouse request failed for equitymultiple: Client error '404 Not Found' for url 'https://boards-api.greenhouse.io/v1/boards/equitymultiple/jobs'
For more information check: https://developer.mozilla.org/en-US/docs/Web/HTTP/Status/404
[2026-07-13T19:40:06Z] fetch_jobs: scraper error for Every Mother (lever/every-mother): Lever request failed for every-mother: Client error '404 Not Found' for url 'https://api.lever.co/v0/postings/every-mother?mode=json'
For more information check: https://developer.mozilla.org/en-US/docs/Web/HTTP/Status/404
[2026-07-13T19:40:13Z] fetch_jobs: scraper error for Fetch (greenhouse/fetchrewards): Greenhouse request failed for fetchrewards: Client error '404 Not Found' for url 'https://boards-api.greenhouse.io/v1/boards/fetchrewards/jobs'
For more information check: https://developer.mozilla.org/en-US/docs/Web/HTTP/Status/404
[2026-07-13T19:40:15Z] fetch_jobs: scraper error for Finitive (bamboo/finitive): BambooHR JSON parse failed for finitive: Expecting value: line 1 column 1 (char 0)
[2026-07-13T19:40:18Z] fetch_jobs: scraper error for Firstbase.io (ashby/firstbaseio): Ashby request failed for firstbaseio: Client error '404 Not Found' for url 'https://api.ashbyhq.com/posting-api/job-board/firstbaseio'
For more information check: https://developer.mozilla.org/en-US/docs/Web/HTTP/Status/404
[2026-07-13T19:40:23Z] fetch_jobs: scraper error for Fram Energy (ashby/Framenergy): Ashby request failed for Framenergy: Client error '404 Not Found' for url 'https://api.ashbyhq.com/posting-api/job-board/Framenergy'
For more information check: https://developer.mozilla.org/en-US/docs/Web/HTTP/Status/404
[2026-07-13T19:40:27Z] fetch_jobs: scraper error for Fundera (lever/fundera): Lever request failed for fundera: Client error '404 Not Found' for url 'https://api.lever.co/v0/postings/fundera?mode=json'
For more information check: https://developer.mozilla.org/en-US/docs/Web/HTTP/Status/404
[2026-07-13T19:40:27Z] fetch_jobs: scraper error for Fundology (ashby/DealRoom): Ashby request failed for DealRoom: Client error '404 Not Found' for url 'https://api.ashbyhq.com/posting-api/job-board/DealRoom'
For more information check: https://developer.mozilla.org/en-US/docs/Web/HTTP/Status/404
[2026-07-13T19:40:28Z] fetch_jobs: scraper error for G2 (greenhouse/g2crowd): Greenhouse request failed for g2crowd: Client error '404 Not Found' for url 'https://boards-api.greenhouse.io/v1/boards/g2crowd/jobs'
For more information check: https://developer.mozilla.org/en-US/docs/Web/HTTP/Status/404
[2026-07-13T19:40:30Z] fetch_jobs: scraper error for Gamefam (greenhouse/gamefam): Greenhouse request failed for gamefam: Client error '404 Not Found' for url 'https://boards-api.greenhouse.io/v1/boards/gamefam/jobs'
For more information check: https://developer.mozilla.org/en-US/docs/Web/HTTP/Status/404
[2026-07-13T19:40:31Z] fetch_jobs: scraper error for Gerald Technologies, Inc (lever/joingerald): Lever request failed for joingerald: Client error '404 Not Found' for url 'https://api.lever.co/v0/postings/joingerald?mode=json'
For more information check: https://developer.mozilla.org/en-US/docs/Web/HTTP/Status/404
[2026-07-13T19:40:32Z] fetch_jobs: scraper error for GiveCard (ashby/GiveCard): Ashby request failed for GiveCard: Client error '404 Not Found' for url 'https://api.ashbyhq.com/posting-api/job-board/GiveCard'
For more information check: https://developer.mozilla.org/en-US/docs/Web/HTTP/Status/404
[2026-07-13T19:40:33Z] fetch_jobs: scraper error for Goldbelly (greenhouse/goldbelly): Greenhouse request failed for goldbelly: Client error '404 Not Found' for url 'https://boards-api.greenhouse.io/v1/boards/goldbelly/jobs'
For more information check: https://developer.mozilla.org/en-US/docs/Web/HTTP/Status/404
[2026-07-13T19:40:34Z] fetch_jobs: scraper error for Goldbely (greenhouse/goldbelly): Greenhouse request failed for goldbelly: Client error '404 Not Found' for url 'https://boards-api.greenhouse.io/v1/boards/goldbelly/jobs'
For more information check: https://developer.mozilla.org/en-US/docs/Web/HTTP/Status/404
[2026-07-13T19:40:34Z] fetch_jobs: scraper error for Gordian Software (ashby/Gordian): Ashby request failed for Gordian: Client error '404 Not Found' for url 'https://api.ashbyhq.com/posting-api/job-board/Gordian'
For more information check: https://developer.mozilla.org/en-US/docs/Web/HTTP/Status/404
[2026-07-13T19:40:34Z] fetch_jobs: scraper error for Gradia Health (ashby/Gradia): Ashby request failed for Gradia: Client error '404 Not Found' for url 'https://api.ashbyhq.com/posting-api/job-board/Gradia'
For more information check: https://developer.mozilla.org/en-US/docs/Web/HTTP/Status/404
[2026-07-13T19:40:34Z] fetch_jobs: scraper error for Grammarly (greenhouse/grammarly): Greenhouse request failed for grammarly: Client error '404 Not Found' for url 'https://boards-api.greenhouse.io/v1/boards/grammarly/jobs'
For more information check: https://developer.mozilla.org/en-US/docs/Web/HTTP/Status/404
[2026-07-13T19:40:35Z] fetch_jobs: scraper error for Green Canopy NODE (greenhouse/greencanopy): Greenhouse request failed for greencanopy: Client error '404 Not Found' for url 'https://boards-api.greenhouse.io/v1/boards/greencanopy/jobs'
For more information check: https://developer.mozilla.org/en-US/docs/Web/HTTP/Status/404
[2026-07-13T19:40:36Z] fetch_jobs: scraper error for GrowthDay (greenhouse/growthday): Greenhouse request failed for growthday: Client error '404 Not Found' for url 'https://boards-api.greenhouse.io/v1/boards/growthday/jobs'
For more information check: https://developer.mozilla.org/en-US/docs/Web/HTTP/Status/404
[2026-07-13T19:40:38Z] fetch_jobs: scraper error for HitPay (ashby/hitpayapp.com): Ashby request failed for hitpayapp.com: Client error '404 Not Found' for url 'https://api.ashbyhq.com/posting-api/job-board/hitpayapp.com'
For more information check: https://developer.mozilla.org/en-US/docs/Web/HTTP/Status/404
[2026-07-13T19:40:40Z] fetch_jobs: scraper error for Inari Agriculture (greenhouse/inariagriculture): Greenhouse request failed for inariagriculture: Client error '404 Not Found' for url 'https://boards-api.greenhouse.io/v1/boards/inariagriculture/jobs'
For more information check: https://developer.mozilla.org/en-US/docs/Web/HTTP/Status/404
[2026-07-13T19:40:45Z] fetch_jobs: scraper error for Interactive Brokers (greenhouse/ibkr): Greenhouse request failed for ibkr: Client error '404 Not Found' for url 'https://boards-api.greenhouse.io/v1/boards/ibkr/jobs'
For more information check: https://developer.mozilla.org/en-US/docs/Web/HTTP/Status/404
[2026-07-13T19:40:50Z] fetch_jobs: scraper error for Jasper.ai (ashby/Jasper): Ashby request failed for Jasper: Client error '404 Not Found' for url 'https://api.ashbyhq.com/posting-api/job-board/Jasper'
For more information check: https://developer.mozilla.org/en-US/docs/Web/HTTP/Status/404
[2026-07-13T19:40:51Z] fetch_jobs: scraper error for JobGet (greenhouse/jobget): Greenhouse request failed for jobget: Client error '404 Not Found' for url 'https://boards-api.greenhouse.io/v1/boards/jobget/jobs'
For more information check: https://developer.mozilla.org/en-US/docs/Web/HTTP/Status/404
[2026-07-13T19:40:54Z] fetch_jobs: scraper error for Kajabi (greenhouse/kajabi): Greenhouse request failed for kajabi: Client error '404 Not Found' for url 'https://boards-api.greenhouse.io/v1/boards/kajabi/jobs'
For more information check: https://developer.mozilla.org/en-US/docs/Web/HTTP/Status/404
[2026-07-13T19:40:55Z] fetch_jobs: scraper error for Kevala (lever/Kevala): Lever request failed for Kevala: Client error '404 Not Found' for url 'https://api.lever.co/v0/postings/Kevala?mode=json'
For more information check: https://developer.mozilla.org/en-US/docs/Web/HTTP/Status/404
[2026-07-13T19:40:58Z] fetch_jobs: scraper error for KIXEYE (bamboo/kixeye): BambooHR JSON parse failed for kixeye: Expecting value: line 1 column 1 (char 0)
[2026-07-13T19:40:59Z] fetch_jobs: scraper error for Komaza (lever/komaza): Lever request failed for komaza: Client error '404 Not Found' for url 'https://api.lever.co/v0/postings/komaza?mode=json'
For more information check: https://developer.mozilla.org/en-US/docs/Web/HTTP/Status/404
[2026-07-13T19:41:02Z] fetch_jobs: scraper error for LineLeap (greenhouse/lineleap): Greenhouse request failed for lineleap: Client error '404 Not Found' for url 'https://boards-api.greenhouse.io/v1/boards/lineleap/jobs'
For more information check: https://developer.mozilla.org/en-US/docs/Web/HTTP/Status/404
[2026-07-13T19:41:03Z] fetch_jobs: scraper error for LiveChat (lever/livechatinc): Lever request failed for livechatinc: Client error '404 Not Found' for url 'https://api.lever.co/v0/postings/livechatinc?mode=json'
For more information check: https://developer.mozilla.org/en-US/docs/Web/HTTP/Status/404
[2026-07-13T19:41:04Z] fetch_jobs: scraper error for Logiwa (greenhouse/logiwacareers): Greenhouse request failed for logiwacareers: Client error '404 Not Found' for url 'https://boards-api.greenhouse.io/v1/boards/logiwacareers/jobs'
For more information check: https://developer.mozilla.org/en-US/docs/Web/HTTP/Status/404
[2026-07-13T19:41:06Z] fetch_jobs: scraper error for Lumosity (lever/lumosity): Lever request failed for lumosity: Client error '404 Not Found' for url 'https://api.lever.co/v0/postings/lumosity?mode=json'
For more information check: https://developer.mozilla.org/en-US/docs/Web/HTTP/Status/404
[2026-07-13T19:41:06Z] fetch_jobs: scraper error for MachineMetrics, Inc. (greenhouse/machinemetrics): Greenhouse request failed for machinemetrics: Client error '404 Not Found' for url 'https://boards-api.greenhouse.io/v1/boards/machinemetrics/jobs'
For more information check: https://developer.mozilla.org/en-US/docs/Web/HTTP/Status/404
[2026-07-13T19:41:07Z] fetch_jobs: scraper error for Maihem (ashby/maihem): Ashby request failed for maihem: Client error '404 Not Found' for url 'https://api.ashbyhq.com/posting-api/job-board/maihem'
For more information check: https://developer.mozilla.org/en-US/docs/Web/HTTP/Status/404
[2026-07-13T19:41:07Z] fetch_jobs: scraper error for Mainstay (greenhouse/admithub): Greenhouse request failed for admithub: Client error '404 Not Found' for url 'https://boards-api.greenhouse.io/v1/boards/admithub/jobs'
For more information check: https://developer.mozilla.org/en-US/docs/Web/HTTP/Status/404
[2026-07-13T19:41:07Z] fetch_jobs: scraper error for MaintainX (greenhouse/maintainx): Greenhouse request failed for maintainx: Client error '404 Not Found' for url 'https://boards-api.greenhouse.io/v1/boards/maintainx/jobs'
For more information check: https://developer.mozilla.org/en-US/docs/Web/HTTP/Status/404
[2026-07-13T19:41:08Z] fetch_jobs: scraper error for Markaz Technologies (bamboo/markaztechnologies): BambooHR JSON parse failed for markaztechnologies: Expecting value: line 1 column 1 (char 0)
[2026-07-13T19:41:10Z] fetch_jobs: scraper error for Meltano (greenhouse/meltano): Greenhouse request failed for meltano: Client error '404 Not Found' for url 'https://boards-api.greenhouse.io/v1/boards/meltano/jobs'
For more information check: https://developer.mozilla.org/en-US/docs/Web/HTTP/Status/404
[2026-07-13T19:41:11Z] fetch_jobs: scraper error for Mezmo (greenhouse/logdna): Greenhouse request failed for logdna: Client error '404 Not Found' for url 'https://boards-api.greenhouse.io/v1/boards/logdna/jobs'
For more information check: https://developer.mozilla.org/en-US/docs/Web/HTTP/Status/404
[2026-07-13T19:41:11Z] fetch_jobs: scraper error for Mindera (workable/j): Workable request failed for j: Client error '404 Not Found' for url 'https://apply.workable.com/api/v3/accounts/j/jobs'
For more information check: https://developer.mozilla.org/en-US/docs/Web/HTTP/Status/404
[2026-07-13T19:41:11Z] fetch_jobs: scraper error for Minicor (ashby/Laminar): Ashby request failed for Laminar: Client error '404 Not Found' for url 'https://api.ashbyhq.com/posting-api/job-board/Laminar'
For more information check: https://developer.mozilla.org/en-US/docs/Web/HTTP/Status/404
[2026-07-13T19:41:12Z] fetch_jobs: scraper error for ModernLoop (greenhouse/modernloop): Greenhouse request failed for modernloop: Client error '404 Not Found' for url 'https://boards-api.greenhouse.io/v1/boards/modernloop/jobs'
For more information check: https://developer.mozilla.org/en-US/docs/Web/HTTP/Status/404
[2026-07-13T19:41:12Z] fetch_jobs: scraper error for Modumetal (bamboo/resources): BambooHR request failed for resources: Client error '404 Not Found' for url 'https://resources.bamboohr.com/careers/list'
For more information check: https://developer.mozilla.org/en-US/docs/Web/HTTP/Status/404
[2026-07-13T19:41:13Z] fetch_jobs: scraper error for Montoux (bamboo/montoux): BambooHR JSON parse failed for montoux: Expecting value: line 1 column 1 (char 0)
[2026-07-13T19:41:13Z] fetch_jobs: scraper error for MoonPay (greenhouse/moonpay): Greenhouse request failed for moonpay: Client error '404 Not Found' for url 'https://boards-api.greenhouse.io/v1/boards/moonpay/jobs'
For more information check: https://developer.mozilla.org/en-US/docs/Web/HTTP/Status/404
[2026-07-13T19:41:13Z] fetch_jobs: scraper error for MosaicML (greenhouse/mosaicml): Greenhouse request failed for mosaicml: Client error '404 Not Found' for url 'https://boards-api.greenhouse.io/v1/boards/mosaicml/jobs'
For more information check: https://developer.mozilla.org/en-US/docs/Web/HTTP/Status/404
[2026-07-13T19:41:13Z] fetch_jobs: scraper error for Motion (ashby/motion): Ashby request failed for motion: Client error '404 Not Found' for url 'https://api.ashbyhq.com/posting-api/job-board/motion'
For more information check: https://developer.mozilla.org/en-US/docs/Web/HTTP/Status/404
[2026-07-13T19:41:14Z] fetch_jobs: scraper error for NantOmics (workday/nant/wd5/Nant): Workday request failed for nant/wd5/Nant: Client error '403 Forbidden' for url 'https://nant.wd5.myworkdayjobs.com/wday/cxs/nant/Nant/jobs'
For more information check: https://developer.mozilla.org/en-US/docs/Web/HTTP/Status/403
[2026-07-13T19:41:17Z] fetch_jobs: scraper error for Ninth Wave (bamboo/resources): BambooHR request failed for resources: Client error '404 Not Found' for url 'https://resources.bamboohr.com/careers/list'
For more information check: https://developer.mozilla.org/en-US/docs/Web/HTTP/Status/404
[2026-07-13T19:41:17Z] fetch_jobs: scraper error for Noora Health (bamboo/images7): BambooHR request failed for images7: Client error '403 Forbidden' for url 'https://images7.bamboohr.com/careers/list'
For more information check: https://developer.mozilla.org/en-US/docs/Web/HTTP/Status/403
[2026-07-13T19:41:18Z] fetch_jobs: scraper error for Northrop Grumman (eightfold/jobs.northropgrumman.com|northropgrumman.com): Eightfold request failed for jobs.northropgrumman.com|northropgrumman.com: Client error '404 NOT FOUND' for url 'https://jobs.northropgrumman.com/api/pcsx/search?domain=northropgrumman.com&start=0&num=20'
For more information check: https://developer.mozilla.org/en-US/docs/Web/HTTP/Status/404
[2026-07-13T19:41:18Z] fetch_jobs: scraper error for NutriSense (greenhouse/nutrisense): Greenhouse request failed for nutrisense: Client error '404 Not Found' for url 'https://boards-api.greenhouse.io/v1/boards/nutrisense/jobs'
For more information check: https://developer.mozilla.org/en-US/docs/Web/HTTP/Status/404
[2026-07-13T19:41:20Z] fetch_jobs: scraper error for Optery (ashby/optery): Ashby request failed for optery: Client error '404 Not Found' for url 'https://api.ashbyhq.com/posting-api/job-board/optery'
For more information check: https://developer.mozilla.org/en-US/docs/Web/HTTP/Status/404
[2026-07-13T19:41:21Z] fetch_jobs: scraper error for Orfium (workable/j): Workable request failed for j: Client error '404 Not Found' for url 'https://apply.workable.com/api/v3/accounts/j/jobs'
For more information check: https://developer.mozilla.org/en-US/docs/Web/HTTP/Status/404
[2026-07-13T19:41:21Z] fetch_jobs: scraper error for Ossia (workable/j): Workable request failed for j: Client error '404 Not Found' for url 'https://apply.workable.com/api/v3/accounts/j/jobs'
For more information check: https://developer.mozilla.org/en-US/docs/Web/HTTP/Status/404
[2026-07-13T19:41:23Z] fetch_jobs: scraper error for Particle Health (greenhouse/particlehealth): Greenhouse request failed for particlehealth: Client error '404 Not Found' for url 'https://boards-api.greenhouse.io/v1/boards/particlehealth/jobs'
For more information check: https://developer.mozilla.org/en-US/docs/Web/HTTP/Status/404
[2026-07-13T19:41:23Z] fetch_jobs: scraper error for PartnerStack (greenhouse/partnerstack): Greenhouse request failed for partnerstack: Client error '404 Not Found' for url 'https://boards-api.greenhouse.io/v1/boards/partnerstack/jobs'
For more information check: https://developer.mozilla.org/en-US/docs/Web/HTTP/Status/404
[2026-07-13T19:41:24Z] fetch_jobs: scraper error for Pawp, Inc (greenhouse/pawp): Greenhouse request failed for pawp: Client error '404 Not Found' for url 'https://boards-api.greenhouse.io/v1/boards/pawp/jobs'
For more information check: https://developer.mozilla.org/en-US/docs/Web/HTTP/Status/404
[2026-07-13T19:41:30Z] fetch_jobs: scraper error for PlushCare (workday/osv-accolade/wd5/External_Careers): Workday request failed for osv-accolade/wd5/External_Careers: Client error '422 Unprocessable Entity' for url 'https://osv-accolade.wd5.myworkdayjobs.com/wday/cxs/osv-accolade/External_Careers/jobs'
For more information check: https://developer.mozilla.org/en-US/docs/Web/HTTP/Status/422
[2026-07-13T19:41:31Z] fetch_jobs: scraper error for Proclaim (lever/freshhealth): Lever request failed for freshhealth: Client error '404 Not Found' for url 'https://api.lever.co/v0/postings/freshhealth?mode=json'
For more information check: https://developer.mozilla.org/en-US/docs/Web/HTTP/Status/404
[2026-07-13T19:41:39Z] fetch_jobs: scraper error for Quantropi (bamboo/quantropi): BambooHR JSON parse failed for quantropi: Expecting value: line 1 column 1 (char 0)
[2026-07-13T19:41:41Z] fetch_jobs: scraper error for Rainforest (lever/rainforest): Lever request failed for rainforest: Client error '404 Not Found' for url 'https://api.lever.co/v0/postings/rainforest?mode=json'
For more information check: https://developer.mozilla.org/en-US/docs/Web/HTTP/Status/404
[2026-07-13T19:41:46Z] fetch_jobs: scraper error for Rappi (workday/rappi/wd12/es): Workday request failed for rappi/wd12/es: Client error '404 Not Found' for url 'https://rappi.wd12.myworkdayjobs.com/wday/cxs/rappi/es/jobs'
For more information check: https://developer.mozilla.org/en-US/docs/Web/HTTP/Status/404
[2026-07-13T19:41:47Z] fetch_jobs: scraper error for Refersion (greenhouse/refersion): Greenhouse request failed for refersion: Client error '404 Not Found' for url 'https://boards-api.greenhouse.io/v1/boards/refersion/jobs'
For more information check: https://developer.mozilla.org/en-US/docs/Web/HTTP/Status/404
[2026-07-13T19:41:50Z] fetch_jobs: scraper error for Response (ashby/response): Ashby request failed for response: Client error '404 Not Found' for url 'https://api.ashbyhq.com/posting-api/job-board/response'
For more information check: https://developer.mozilla.org/en-US/docs/Web/HTTP/Status/404
[2026-07-13T19:41:50Z] fetch_jobs: scraper error for ReversingLabs (workable/j): Workable request failed for j: Client error '404 Not Found' for url 'https://apply.workable.com/api/v3/accounts/j/jobs'
For more information check: https://developer.mozilla.org/en-US/docs/Web/HTTP/Status/404
[2026-07-13T19:41:52Z] fetch_jobs: scraper error for Rippl (greenhouse/ripplcare): Greenhouse request failed for ripplcare: Client error '404 Not Found' for url 'https://boards-api.greenhouse.io/v1/boards/ripplcare/jobs'
For more information check: https://developer.mozilla.org/en-US/docs/Web/HTTP/Status/404
[2026-07-13T19:41:53Z] fetch_jobs: scraper error for RunPod (greenhouse/runpod): Greenhouse request failed for runpod: Client error '404 Not Found' for url 'https://boards-api.greenhouse.io/v1/boards/runpod/jobs'
For more information check: https://developer.mozilla.org/en-US/docs/Web/HTTP/Status/404
[2026-07-13T19:41:53Z] fetch_jobs: scraper error for RxDefine (greenhouse/ostrohealth): Greenhouse request failed for ostrohealth: Client error '404 Not Found' for url 'https://boards-api.greenhouse.io/v1/boards/ostrohealth/jobs'
For more information check: https://developer.mozilla.org/en-US/docs/Web/HTTP/Status/404
[2026-07-13T19:41:55Z] fetch_jobs: scraper error for SandboxAQ (greenhouse/sandboxaq): Greenhouse request failed for sandboxaq: Client error '404 Not Found' for url 'https://boards-api.greenhouse.io/v1/boards/sandboxaq/jobs'
For more information check: https://developer.mozilla.org/en-US/docs/Web/HTTP/Status/404
[2026-07-13T19:41:56Z] fetch_jobs: scraper error for Scope AR (lever/scopear): Lever request failed for scopear: Client error '404 Not Found' for url 'https://api.lever.co/v0/postings/scopear?mode=json'
For more information check: https://developer.mozilla.org/en-US/docs/Web/HTTP/Status/404
[2026-07-13T19:41:56Z] fetch_jobs: scraper error for Scrapinghub (workable/j): Workable request failed for j: Client error '404 Not Found' for url 'https://apply.workable.com/api/v3/accounts/j/jobs'
For more information check: https://developer.mozilla.org/en-US/docs/Web/HTTP/Status/404
[2026-07-13T19:41:56Z] fetch_jobs: scraper error for Seam (greenhouse/seam): Greenhouse request failed for seam: Client error '404 Not Found' for url 'https://boards-api.greenhouse.io/v1/boards/seam/jobs'
For more information check: https://developer.mozilla.org/en-US/docs/Web/HTTP/Status/404
[2026-07-13T19:41:56Z] fetch_jobs: scraper error for Secoda (ashby/Secoda): Ashby request failed for Secoda: Client error '404 Not Found' for url 'https://api.ashbyhq.com/posting-api/job-board/Secoda'
For more information check: https://developer.mozilla.org/en-US/docs/Web/HTTP/Status/404
[2026-07-13T19:41:56Z] fetch_jobs: scraper error for SecureSave (breezy/securesave): Breezy request failed for securesave: Client error '403 Forbidden' for url 'https://breezy.hr/'
For more information check: https://developer.mozilla.org/en-US/docs/Web/HTTP/Status/403
[2026-07-13T19:41:57Z] fetch_jobs: scraper error for Segment (eightfold/jobs.twilio.com|segment.com): Eightfold request failed for jobs.twilio.com|segment.com: Client error '404 NOT FOUND' for url 'https://jobs.twilio.com/api/pcsx/search?domain=segment.com&start=0&num=20'
For more information check: https://developer.mozilla.org/en-US/docs/Web/HTTP/Status/404
[2026-07-13T19:41:57Z] fetch_jobs: scraper error for SendGrid (eightfold/jobs.twilio.com|sendgrid.com): Eightfold request failed for jobs.twilio.com|sendgrid.com: Client error '404 NOT FOUND' for url 'https://jobs.twilio.com/api/pcsx/search?domain=sendgrid.com&start=0&num=20'
For more information check: https://developer.mozilla.org/en-US/docs/Web/HTTP/Status/404
[2026-07-13T19:42:09Z] fetch_jobs: scraper error for Smarking (workable/api): Workable request failed for api: Client error '404 Not Found' for url 'https://apply.workable.com/api/v3/accounts/api/jobs'
For more information check: https://developer.mozilla.org/en-US/docs/Web/HTTP/Status/404
[2026-07-13T19:42:10Z] fetch_jobs: scraper error for Smartwaiver (bamboo/3pointdev): BambooHR JSON parse failed for 3pointdev: Expecting value: line 1 column 1 (char 0)
[2026-07-13T19:42:11Z] fetch_jobs: scraper error for Sojern (greenhouse/sojern): Greenhouse request failed for sojern: Client error '404 Not Found' for url 'https://boards-api.greenhouse.io/v1/boards/sojern/jobs'
For more information check: https://developer.mozilla.org/en-US/docs/Web/HTTP/Status/404
[2026-07-13T19:42:14Z] fetch_jobs: scraper error for Sparrow Inc. (greenhouse/sparrow): Greenhouse request failed for sparrow: Client error '404 Not Found' for url 'https://boards-api.greenhouse.io/v1/boards/sparrow/jobs'
For more information check: https://developer.mozilla.org/en-US/docs/Web/HTTP/Status/404
[2026-07-13T19:42:16Z] fetch_jobs: scraper error for Storm8 (greenhouse/storm8): Greenhouse request failed for storm8: Client error '404 Not Found' for url 'https://boards-api.greenhouse.io/v1/boards/storm8/jobs'
For more information check: https://developer.mozilla.org/en-US/docs/Web/HTTP/Status/404
[2026-07-13T19:42:16Z] fetch_jobs: scraper error for Strata Identity (greenhouse/strataidentity): Greenhouse request failed for strataidentity: Client error '404 Not Found' for url 'https://boards-api.greenhouse.io/v1/boards/strataidentity/jobs'
For more information check: https://developer.mozilla.org/en-US/docs/Web/HTTP/Status/404
[2026-07-13T19:42:16Z] fetch_jobs: scraper error for StyleSeat (greenhouse/styleseat32): Greenhouse request failed for styleseat32: Client error '404 Not Found' for url 'https://boards-api.greenhouse.io/v1/boards/styleseat32/jobs'
For more information check: https://developer.mozilla.org/en-US/docs/Web/HTTP/Status/404
[2026-07-13T19:42:17Z] fetch_jobs: scraper error for Sully.ai (ashby/sully-ai): Ashby request failed for sully-ai: Client error '404 Not Found' for url 'https://api.ashbyhq.com/posting-api/job-board/sully-ai'
For more information check: https://developer.mozilla.org/en-US/docs/Web/HTTP/Status/404
[2026-07-13T19:42:18Z] fetch_jobs: scraper error for Superhuman (greenhouse/grammarly): Greenhouse request failed for grammarly: Client error '404 Not Found' for url 'https://boards-api.greenhouse.io/v1/boards/grammarly/jobs'
For more information check: https://developer.mozilla.org/en-US/docs/Web/HTTP/Status/404
[2026-07-13T19:42:19Z] fetch_jobs: scraper error for SwiftSku (greenhouse/swiftsku): Greenhouse request failed for swiftsku: Client error '404 Not Found' for url 'https://boards-api.greenhouse.io/v1/boards/swiftsku/jobs'
For more information check: https://developer.mozilla.org/en-US/docs/Web/HTTP/Status/404
[2026-07-13T19:42:19Z] fetch_jobs: scraper error for sync. (ashby/sync.so): Ashby request failed for sync.so: Client error '404 Not Found' for url 'https://api.ashbyhq.com/posting-api/job-board/sync.so'
For more information check: https://developer.mozilla.org/en-US/docs/Web/HTTP/Status/404
[2026-07-13T19:42:25Z] fetch_jobs: scraper error for Temporal (greenhouse/temporal): Greenhouse request failed for temporal: Client error '404 Not Found' for url 'https://boards-api.greenhouse.io/v1/boards/temporal/jobs'
For more information check: https://developer.mozilla.org/en-US/docs/Web/HTTP/Status/404
[2026-07-13T19:42:28Z] fetch_jobs: scraper error for Terapify (bamboo/terapify): BambooHR JSON parse failed for terapify: Expecting value: line 1 column 1 (char 0)
[2026-07-13T19:42:31Z] fetch_jobs: scraper error for The Robot Learning Company (ashby/robot-learning-co): Ashby request failed for robot-learning-co: Client error '404 Not Found' for url 'https://api.ashbyhq.com/posting-api/job-board/robot-learning-co'
For more information check: https://developer.mozilla.org/en-US/docs/Web/HTTP/Status/404
[2026-07-13T19:42:31Z] fetch_jobs: scraper error for THEOplayer (eightfold/jobs.dolby.com|theoplayer.com): Eightfold request failed for jobs.dolby.com|theoplayer.com: Client error '404 NOT FOUND' for url 'https://jobs.dolby.com/api/pcsx/search?domain=theoplayer.com&start=0&num=20'
For more information check: https://developer.mozilla.org/en-US/docs/Web/HTTP/Status/404
[2026-07-13T19:42:31Z] fetch_jobs: scraper error for Thinkful (workday/osv-chegg/wd5/Chegg): Workday request failed for osv-chegg/wd5/Chegg: Client error '422 Unprocessable Entity' for url 'https://osv-chegg.wd5.myworkdayjobs.com/wday/cxs/osv-chegg/Chegg/jobs'
For more information check: https://developer.mozilla.org/en-US/docs/Web/HTTP/Status/422
[2026-07-13T19:42:32Z] fetch_jobs: scraper error for ThreatX (workday/osv-a10networks/wd503/A10CareerSite): Workday request failed for osv-a10networks/wd503/A10CareerSite: Client error '422 Unprocessable Entity' for url 'https://osv-a10networks.wd503.myworkdayjobs.com/wday/cxs/osv-a10networks/A10CareerSite/jobs'
For more information check: https://developer.mozilla.org/en-US/docs/Web/HTTP/Status/422
[2026-07-13T19:42:34Z] fetch_jobs: scraper error for Touchcast (bamboo/touchcast): BambooHR JSON parse failed for touchcast: Expecting value: line 1 column 1 (char 0)
[2026-07-13T19:42:34Z] fetch_jobs: scraper error for Tourlane (greenhouse/tourlanegmbh): Greenhouse request failed for tourlanegmbh: Client error '404 Not Found' for url 'https://boards-api.greenhouse.io/v1/boards/tourlanegmbh/jobs'
For more information check: https://developer.mozilla.org/en-US/docs/Web/HTTP/Status/404
[2026-07-13T19:42:35Z] fetch_jobs: scraper error for Traverse (ashby/Traverse): Ashby request failed for Traverse: Client error '404 Not Found' for url 'https://api.ashbyhq.com/posting-api/job-board/Traverse'
For more information check: https://developer.mozilla.org/en-US/docs/Web/HTTP/Status/404
[2026-07-13T19:42:39Z] fetch_jobs: scraper error for TrueNorth (greenhouse/truenorth): Greenhouse request failed for truenorth: Client error '404 Not Found' for url 'https://boards-api.greenhouse.io/v1/boards/truenorth/jobs'
For more information check: https://developer.mozilla.org/en-US/docs/Web/HTTP/Status/404
[2026-07-13T19:42:40Z] fetch_jobs: scraper error for Tydo (ashby/tydo): Ashby request failed for tydo: Client error '404 Not Found' for url 'https://api.ashbyhq.com/posting-api/job-board/tydo'
For more information check: https://developer.mozilla.org/en-US/docs/Web/HTTP/Status/404
[2026-07-13T19:42:41Z] fetch_jobs: scraper error for Ubiquity6 (greenhouse/ubiquity6): Greenhouse request failed for ubiquity6: Client error '404 Not Found' for url 'https://boards-api.greenhouse.io/v1/boards/ubiquity6/jobs'
For more information check: https://developer.mozilla.org/en-US/docs/Web/HTTP/Status/404
[2026-07-13T19:42:48Z] fetch_jobs: scraper error for Vitable Health (greenhouse/vitablehealth): Greenhouse request failed for vitablehealth: Client error '404 Not Found' for url 'https://boards-api.greenhouse.io/v1/boards/vitablehealth/jobs'
For more information check: https://developer.mozilla.org/en-US/docs/Web/HTTP/Status/404
[2026-07-13T19:42:50Z] fetch_jobs: scraper error for Willow (ashby/willowvoice): Ashby request failed for willowvoice: Client error '404 Not Found' for url 'https://api.ashbyhq.com/posting-api/job-board/willowvoice'
For more information check: https://developer.mozilla.org/en-US/docs/Web/HTTP/Status/404
[2026-07-13T19:42:51Z] fetch_jobs: scraper error for Yummy (lever/yummysuperapp): Lever request failed for yummysuperapp: Client error '404 Not Found' for url 'https://api.lever.co/v0/postings/yummysuperapp?mode=json'
For more information check: https://developer.mozilla.org/en-US/docs/Web/HTTP/Status/404
[2026-07-13T19:42:54Z] fetch_jobs: scraper error for Wordware (ashby/wordware.ai): Ashby request failed for wordware.ai: Client error '404 Not Found' for url 'https://api.ashbyhq.com/posting-api/job-board/wordware.ai'
For more information check: https://developer.mozilla.org/en-US/docs/Web/HTTP/Status/404
[2026-07-13T19:42:56Z] fetch_jobs: scraper error for Allbirds (greenhouse/allbirds): Greenhouse request failed for allbirds: Client error '404 Not Found' for url 'https://boards-api.greenhouse.io/v1/boards/allbirds/jobs'
For more information check: https://developer.mozilla.org/en-US/docs/Web/HTTP/Status/404
[2026-07-13T19:42:56Z] fetch_jobs: scraper error for Catchpoint (greenhouse/catchpoint): Greenhouse request failed for catchpoint: Client error '404 Not Found' for url 'https://boards-api.greenhouse.io/v1/boards/catchpoint/jobs'
For more information check: https://developer.mozilla.org/en-US/docs/Web/HTTP/Status/404
[2026-07-13T19:42:56Z] fetch_jobs: scraper error for Generate Capital (greenhouse/generatecapital): Greenhouse request failed for generatecapital: Client error '404 Not Found' for url 'https://boards-api.greenhouse.io/v1/boards/generatecapital/jobs'
For more information check: https://developer.mozilla.org/en-US/docs/Web/HTTP/Status/404
[2026-07-13T19:42:57Z] fetch_jobs: scraper error for Insomnia (lever/kong): Lever request failed for kong: Client error '404 Not Found' for url 'https://api.lever.co/v0/postings/kong?mode=json'
For more information check: https://developer.mozilla.org/en-US/docs/Web/HTTP/Status/404
[2026-07-13T19:43:00Z] fetch_jobs: scraper error for Braintree (eightfold/paypal.eightfold.ai|braintreepayments.com): Eightfold request failed for paypal.eightfold.ai|braintreepayments.com: Client error '404 NOT FOUND' for url 'https://paypal.eightfold.ai/api/pcsx/search?domain=braintreepayments.com&start=0&num=20'
For more information check: https://developer.mozilla.org/en-US/docs/Web/HTTP/Status/404
[2026-07-13T19:43:06Z] fetch_jobs: scraper error for Sensormatic Electronics (workday/jci/wd5/JCI): Workday request failed for jci/wd5/JCI: Client error '429 Too Many Requests' for url 'https://jci.wd5.myworkdayjobs.com/wday/cxs/jci/JCI/jobs'
For more information check: https://developer.mozilla.org/en-US/docs/Web/HTTP/Status/429
[2026-07-13T19:43:06Z] fetch_jobs: scraper error for Johnson Controls (workday/jci/wd5/JCI): Workday request failed for jci/wd5/JCI: Client error '429 Too Many Requests' for url 'https://jci.wd5.myworkdayjobs.com/wday/cxs/jci/JCI/jobs'
For more information check: https://developer.mozilla.org/en-US/docs/Web/HTTP/Status/429
[2026-07-13T19:43:06Z] fetch_jobs: scraper error for Follow Up Boss (workday/zillow/wd5/Zillow_Group_External): Workday request failed for zillow/wd5/Zillow_Group_External: Client error '429 Too Many Requests' for url 'https://zillow.wd5.myworkdayjobs.com/wday/cxs/zillow/Zillow_Group_External/jobs'
For more information check: https://developer.mozilla.org/en-US/docs/Web/HTTP/Status/429
[2026-07-13T19:43:07Z] fetch_jobs: scraper error for Edge Impulse (eightfold/careers.qualcomm.com|edgeimpulse.com): Eightfold request failed for careers.qualcomm.com|edgeimpulse.com: Client error '404 NOT FOUND' for url 'https://careers.qualcomm.com/api/pcsx/search?domain=edgeimpulse.com&start=0&num=20'
For more information check: https://developer.mozilla.org/en-US/docs/Web/HTTP/Status/404
[2026-07-13T19:43:07Z] fetch_jobs: scraper error for BlocPower (greenhouse/blocpower): Greenhouse request failed for blocpower: Client error '404 Not Found' for url 'https://boards-api.greenhouse.io/v1/boards/blocpower/jobs'
For more information check: https://developer.mozilla.org/en-US/docs/Web/HTTP/Status/404
[2026-07-13T19:43:08Z] fetch_jobs: scraper error for Environmental Defense Fund (workday/osv-edf/wd5/EDF_External_Careers): Workday request failed for osv-edf/wd5/EDF_External_Careers: Client error '422 Unprocessable Entity' for url 'https://osv-edf.wd5.myworkdayjobs.com/wday/cxs/osv-edf/EDF_External_Careers/jobs'
For more information check: https://developer.mozilla.org/en-US/docs/Web/HTTP/Status/422
[2026-07-13T19:43:08Z] fetch_jobs: scraper error for Sui (ashby/Sui): Ashby request failed for Sui: Client error '404 Not Found' for url 'https://api.ashbyhq.com/posting-api/job-board/Sui'
For more information check: https://developer.mozilla.org/en-US/docs/Web/HTTP/Status/404
[2026-07-13T19:48:26Z] classify_jobs: job error: 1Password: Senior Data Analyst, Marketing — Error code: 400 - {'type': 'error', 'error': {'type': 'invalid_request_error', 'message': 'Your credit balance is too low to access the Anthropic API. Please go to Plans & Billing to upgrade or purchase credits.'}, 'request_id': 'req_011Cczdo9UPZSLm4MtZSEFzK'}
[2026-07-13T19:48:32Z] classify_jobs: job error: 1Password: Staff Data Analyst, Marketing — Error code: 400 - {'type': 'error', 'error': {'type': 'invalid_request_error', 'message': 'Your credit balance is too low to access the Anthropic API. Please go to Plans & Billing to upgrade or purchase credits.'}, 'request_id': 'req_011Cczdob1YbzABndzyFS13w'}
[2026-07-13T19:48:38Z] classify_jobs: job error: 1Password: Principal Developer Advocate — Error code: 400 - {'type': 'error', 'error': {'type': 'invalid_request_error', 'message': 'Your credit balance is too low to access the Anthropic API. Please go to Plans & Billing to upgrade or purchase credits.'}, 'request_id': 'req_011Cczdp2gt3quSrWx8pQXKq'}
[2026-07-13T19:48:44Z] classify_jobs: job error: 1Password: Senior Staff Education Engineer — Error code: 400 - {'type': 'error', 'error': {'type': 'invalid_request_error', 'message': 'Your credit balance is too low to access the Anthropic API. Please go to Plans & Billing to upgrade or purchase credits.'}, 'request_id': 'req_011CczdpURgrczsj4HHnDpTW'}
[2026-07-13T19:48:50Z] classify_jobs: job error: Abridge: Software Engineer- Early Careers — Error code: 400 - {'type': 'error', 'error': {'type': 'invalid_request_error', 'message': 'Your credit balance is too low to access the Anthropic API. Please go to Plans & Billing to upgrade or purchase credits.'}, 'request_id': 'req_011CczdpuxbLmiJr2msUxFLq'}
[2026-07-13T19:48:56Z] classify_jobs: job error: Acquia: Senior Product Manager — Error code: 400 - {'type': 'error', 'error': {'type': 'invalid_request_error', 'message': 'Your credit balance is too low to access the Anthropic API. Please go to Plans & Billing to upgrade or purchase credits.'}, 'request_id': 'req_011CczdqMbwpLT57n26LuBEj'}
[2026-07-13T19:49:02Z] classify_jobs: job error: Adaptyv: Talent Lead — Error code: 400 - {'type': 'error', 'error': {'type': 'invalid_request_error', 'message': 'Your credit balance is too low to access the Anthropic API. Please go to Plans & Billing to upgrade or purchase credits.'}, 'request_id': 'req_011CczdqoGYEGvJHmHy3o6Kq'}
[2026-07-13T19:49:08Z] classify_jobs: job error: Adaptyv: Binding Kinetics Scientist (SPR & BLI) — Error code: 400 - {'type': 'error', 'error': {'type': 'invalid_request_error', 'message': 'Your credit balance is too low to access the Anthropic API. Please go to Plans & Billing to upgrade or purchase credits.'}, 'request_id': 'req_011CczdrEw8oXtABVBT3oRFW'}
[2026-07-13T19:49:14Z] classify_jobs: job error: Afresh: Controller — Error code: 400 - {'type': 'error', 'error': {'type': 'invalid_request_error', 'message': 'Your credit balance is too low to access the Anthropic API. Please go to Plans & Billing to upgrade or purchase credits.'}, 'request_id': 'req_011CczdrgaEvHQZT49zJDoxZ'}
[2026-07-13T19:49:20Z] classify_jobs: job error: Agility Robotics: Senior Staff Mfg. Design Engineer — Error code: 400 - {'type': 'error', 'error': {'type': 'invalid_request_error', 'message': 'Your credit balance is too low to access the Anthropic API. Please go to Plans & Billing to upgrade or purchase credits.'}, 'request_id': 'req_011Cczds8D6oJ5JfPDMqrB1C'}
[2026-07-13T19:49:26Z] classify_jobs: job error: Agility Robotics: Staff Software Engineer, Teleoperation — Error code: 400 - {'type': 'error', 'error': {'type': 'invalid_request_error', 'message': 'Your credit balance is too low to access the Anthropic API. Please go to Plans & Billing to upgrade or purchase credits.'}, 'request_id': 'req_011CczdsZug7KHQ8F9U5mqBe'}
[2026-07-13T19:49:32Z] classify_jobs: job error: Airbnb: Staff Platform Manager, Quality — Error code: 400 - {'type': 'error', 'error': {'type': 'invalid_request_error', 'message': 'Your credit balance is too low to access the Anthropic API. Please go to Plans & Billing to upgrade or purchase credits.'}, 'request_id': 'req_011Cczdt1XJ2GCTKZkWSdrTH'}
[2026-07-13T19:49:38Z] classify_jobs: job error: Anduril Industries: Director of Air Maneuver Dominance & Maritime, Int — Error code: 400 - {'type': 'error', 'error': {'type': 'invalid_request_error', 'message': 'Your credit balance is too low to access the Anthropic API. Please go to Plans & Billing to upgrade or purchase credits.'}, 'request_id': 'req_011CczdtTEcS2CUqZ3hNn4Uq'}
[2026-07-13T19:49:44Z] classify_jobs: job error: Anduril Industries: Division Operations Associate - Maneuver Dominance — Error code: 400 - {'type': 'error', 'error': {'type': 'invalid_request_error', 'message': 'Your credit balance is too low to access the Anthropic API. Please go to Plans & Billing to upgrade or purchase credits.'}, 'request_id': 'req_011CczdttqjqxKfiMHQPESTq'}
[2026-07-13T19:49:50Z] classify_jobs: job error: Anduril Industries: Principal Workday Engineer, CorporateOS — Error code: 400 - {'type': 'error', 'error': {'type': 'invalid_request_error', 'message': 'Your credit balance is too low to access the Anthropic API. Please go to Plans & Billing to upgrade or purchase credits.'}, 'request_id': 'req_011CczduLVLKx7dKAb5z2Vae'}
[2026-07-13T19:49:56Z] classify_jobs: job error: Anduril Industries: Principal Workday Engineer, CorporateOS — Error code: 400 - {'type': 'error', 'error': {'type': 'invalid_request_error', 'message': 'Your credit balance is too low to access the Anthropic API. Please go to Plans & Billing to upgrade or purchase credits.'}, 'request_id': 'req_011CczdunCugUBZ7fyP66dWC'}
[2026-07-13T19:50:02Z] classify_jobs: job error: Anduril Industries: Security Investigations Program Lead (West) — Error code: 400 - {'type': 'error', 'error': {'type': 'invalid_request_error', 'message': 'Your credit balance is too low to access the Anthropic API. Please go to Plans & Billing to upgrade or purchase credits.'}, 'request_id': 'req_011CczdvEEKxqhMy6CQ6oTyk'}
[2026-07-13T19:50:08Z] classify_jobs: job error: Anduril Industries: Security Vetting Analyst — Error code: 400 - {'type': 'error', 'error': {'type': 'invalid_request_error', 'message': 'Your credit balance is too low to access the Anthropic API. Please go to Plans & Billing to upgrade or purchase credits.'}, 'request_id': 'req_011CczdvfS9AjRaGDnbLU5kf'}
[2026-07-13T19:50:14Z] classify_jobs: job error: Anduril Industries: Security Vetting Analyst — Error code: 400 - {'type': 'error', 'error': {'type': 'invalid_request_error', 'message': 'Your credit balance is too low to access the Anthropic API. Please go to Plans & Billing to upgrade or purchase credits.'}, 'request_id': 'req_011Cczdw7ATRcFEsB6GZpZQa'}
[2026-07-13T19:50:20Z] classify_jobs: job error: Anduril Industries: Senior Automation Engineer, Propulsion — Error code: 400 - {'type': 'error', 'error': {'type': 'invalid_request_error', 'message': 'Your credit balance is too low to access the Anthropic API. Please go to Plans & Billing to upgrade or purchase credits.'}, 'request_id': 'req_011CczdwYzULzjbpNKCBSgnY'}
[2026-07-13T19:50:26Z] classify_jobs: job error: Anduril Industries: Senior Controls Engineer, Manufacturing Automation — Error code: 400 - {'type': 'error', 'error': {'type': 'invalid_request_error', 'message': 'Your credit balance is too low to access the Anthropic API. Please go to Plans & Billing to upgrade or purchase credits.'}, 'request_id': 'req_011CczdwzRBMe1uV5gxXxvEo'}
[2026-07-13T19:50:32Z] classify_jobs: job error: Anduril Industries: Senior Controls Engineer, Rocket Motor Systems — Error code: 400 - {'type': 'error', 'error': {'type': 'invalid_request_error', 'message': 'Your credit balance is too low to access the Anthropic API. Please go to Plans & Billing to upgrade or purchase credits.'}, 'request_id': 'req_011CczdxS7Fxm1kbSDfreGoq'}
[2026-07-13T19:50:38Z] classify_jobs: job error: Anduril Industries: Senior Manufacturing Development Engineer — Error code: 400 - {'type': 'error', 'error': {'type': 'invalid_request_error', 'message': 'Your credit balance is too low to access the Anthropic API. Please go to Plans & Billing to upgrade or purchase credits.'}, 'request_id': 'req_011CczdxsiPB8o53m9tJNpsn'}
[2026-07-13T19:50:44Z] classify_jobs: job error: Anduril Industries: Warehouse Manager (2nd Shift) — Error code: 400 - {'type': 'error', 'error': {'type': 'invalid_request_error', 'message': 'Your credit balance is too low to access the Anthropic API. Please go to Plans & Billing to upgrade or purchase credits.'}, 'request_id': 'req_011CczdyKNj1mCdSA3uSz4YY'}
[2026-07-13T19:50:50Z] classify_jobs: job error: Anthropic: Staff+ Software Engineer, Safeguards Review Toolin — Error code: 400 - {'type': 'error', 'error': {'type': 'invalid_request_error', 'message': 'Your credit balance is too low to access the Anthropic API. Please go to Plans & Billing to upgrade or purchase credits.'}, 'request_id': 'req_011Cczdym7HqQxJL37vpvj7L'}
[2026-07-13T19:50:56Z] classify_jobs: job error: Apptronik: Staff Software & Integration Engineer — Error code: 400 - {'type': 'error', 'error': {'type': 'invalid_request_error', 'message': 'Your credit balance is too low to access the Anthropic API. Please go to Plans & Billing to upgrade or purchase credits.'}, 'request_id': 'req_011CczdzCfBpe2ez111tUTFZ'}
[2026-07-13T19:51:02Z] classify_jobs: job error: AeroVironment: Engineering Development Tech III — Error code: 400 - {'type': 'error', 'error': {'type': 'invalid_request_error', 'message': 'Your credit balance is too low to access the Anthropic API. Please go to Plans & Billing to upgrade or purchase credits.'}, 'request_id': 'req_011CczdzeJnmFXjiMB7eGG9r'}
[2026-07-13T19:51:08Z] classify_jobs: job error: Amount: Analyst II, Business Intelligence / Data Analysis — Error code: 400 - {'type': 'error', 'error': {'type': 'invalid_request_error', 'message': 'Your credit balance is too low to access the Anthropic API. Please go to Plans & Billing to upgrade or purchase credits.'}, 'request_id': 'req_011Ccze16rDX1tDx1csBoxYh'}
[2026-07-13T19:51:14Z] classify_jobs: job error: Amount: Product Support Representative Seniors — Error code: 400 - {'type': 'error', 'error': {'type': 'invalid_request_error', 'message': 'Your credit balance is too low to access the Anthropic API. Please go to Plans & Billing to upgrade or purchase credits.'}, 'request_id': 'req_011Ccze1XdyYCgg6qHYXEssP'}
[2026-07-13T19:51:20Z] classify_jobs: job error: Amount: Associate III, Production Operations — Error code: 400 - {'type': 'error', 'error': {'type': 'invalid_request_error', 'message': 'Your credit balance is too low to access the Anthropic API. Please go to Plans & Billing to upgrade or purchase credits.'}, 'request_id': 'req_011Ccze1yNY98PjQx3yAckEb'}
[2026-07-13T19:51:26Z] classify_jobs: job error: Amount: Sr Director, Financial Planning & Analysis (JAX, F — Error code: 400 - {'type': 'error', 'error': {'type': 'invalid_request_error', 'message': 'Your credit balance is too low to access the Anthropic API. Please go to Plans & Billing to upgrade or purchase credits.'}, 'request_id': 'req_011Ccze2QugyqXVGyHRBp1K4'}
[2026-07-13T19:51:32Z] classify_jobs: job error: Amount: Associate II, Production Operations — Error code: 400 - {'type': 'error', 'error': {'type': 'invalid_request_error', 'message': 'Your credit balance is too low to access the Anthropic API. Please go to Plans & Billing to upgrade or purchase credits.'}, 'request_id': 'req_011Ccze2rZXzBVjKXUa2oZT9'}
[2026-07-13T19:51:38Z] classify_jobs: job error: Amount: Associate II, Production Support — Error code: 400 - {'type': 'error', 'error': {'type': 'invalid_request_error', 'message': 'Your credit balance is too low to access the Anthropic API. Please go to Plans & Billing to upgrade or purchase credits.'}, 'request_id': 'req_011Ccze3JGNDRWxgwoV6ywT9'}
[2026-07-13T19:51:44Z] classify_jobs: job error: Amount: Analyst Senior, Production Operations — Error code: 400 - {'type': 'error', 'error': {'type': 'invalid_request_error', 'message': 'Your credit balance is too low to access the Anthropic API. Please go to Plans & Billing to upgrade or purchase credits.'}, 'request_id': 'req_011Ccze3jvDPSYAa8mzpfeSN'}
[2026-07-13T19:51:50Z] classify_jobs: job error: Amount: Associate I, Production Operations — Error code: 400 - {'type': 'error', 'error': {'type': 'invalid_request_error', 'message': 'Your credit balance is too low to access the Anthropic API. Please go to Plans & Billing to upgrade or purchase credits.'}, 'request_id': 'req_011Ccze4BZKKSvh21AoUN41A'}
[2026-07-13T19:51:56Z] classify_jobs: job error: Amount: Associate I, Production Operations — Error code: 400 - {'type': 'error', 'error': {'type': 'invalid_request_error', 'message': 'Your credit balance is too low to access the Anthropic API. Please go to Plans & Billing to upgrade or purchase credits.'}, 'request_id': 'req_011Ccze4dDQx8gsrm87Zo7Qc'}
[2026-07-13T19:52:02Z] classify_jobs: job error: Amount: Associate I, Production Operations — Error code: 400 - {'type': 'error', 'error': {'type': 'invalid_request_error', 'message': 'Your credit balance is too low to access the Anthropic API. Please go to Plans & Billing to upgrade or purchase credits.'}, 'request_id': 'req_011Ccze54xis8U2MxMgYgtmF'}
[2026-07-13T19:52:08Z] classify_jobs: job error: Amount: Associate I, Production Operations — Error code: 400 - {'type': 'error', 'error': {'type': 'invalid_request_error', 'message': 'Your credit balance is too low to access the Anthropic API. Please go to Plans & Billing to upgrade or purchase credits.'}, 'request_id': 'req_011Ccze5WWcwarR6kSY7jejQ'}
[2026-07-13T19:52:14Z] classify_jobs: job error: Amount: Manager, Direct New Sales — Error code: 400 - {'type': 'error', 'error': {'type': 'invalid_request_error', 'message': 'Your credit balance is too low to access the Anthropic API. Please go to Plans & Billing to upgrade or purchase credits.'}, 'request_id': 'req_011Ccze5xS69vzh1Kjri1Fi2'}
[2026-07-13T19:52:20Z] classify_jobs: job error: Amount: Associate I, Production Operations — Error code: 400 - {'type': 'error', 'error': {'type': 'invalid_request_error', 'message': 'Your credit balance is too low to access the Anthropic API. Please go to Plans & Billing to upgrade or purchase credits.'}, 'request_id': 'req_011Ccze6QTWouYsiEZGNUSiS'}
[2026-07-13T19:52:26Z] classify_jobs: job error: Amount: Associate III, TPO Operations — Error code: 400 - {'type': 'error', 'error': {'type': 'invalid_request_error', 'message': 'Your credit balance is too low to access the Anthropic API. Please go to Plans & Billing to upgrade or purchase credits.'}, 'request_id': 'req_011Ccze6qTRejuEVCpju26iV'}
[2026-07-13T19:52:33Z] classify_jobs: job error: Amount: Analyst Senior, TPO Operations — Error code: 400 - {'type': 'error', 'error': {'type': 'invalid_request_error', 'message': 'Your credit balance is too low to access the Anthropic API. Please go to Plans & Billing to upgrade or purchase credits.'}, 'request_id': 'req_011Ccze7K65h8VTxEer2LqMA'}
[2026-07-13T19:52:38Z] classify_jobs: job error: Anthem Health: Provider Network Manager Sr - DME — Error code: 400 - {'type': 'error', 'error': {'type': 'invalid_request_error', 'message': 'Your credit balance is too low to access the Anthropic API. Please go to Plans & Billing to upgrade or purchase credits.'}, 'request_id': 'req_011Ccze7ikdPeCWwSghXk2iG'}
[2026-07-13T19:52:44Z] classify_jobs: job error: Anthem Health: Behavioral Health Clinical Auditor — Error code: 400 - {'type': 'error', 'error': {'type': 'invalid_request_error', 'message': 'Your credit balance is too low to access the Anthropic API. Please go to Plans & Billing to upgrade or purchase credits.'}, 'request_id': 'req_011Ccze8AYueRnVZtCkwqiD8'}
[2026-07-13T19:52:50Z] classify_jobs: job error: Anthem Health: Psychologist Reviewer Senior — Error code: 400 - {'type': 'error', 'error': {'type': 'invalid_request_error', 'message': 'Your credit balance is too low to access the Anthropic API. Please go to Plans & Billing to upgrade or purchase credits.'}, 'request_id': 'req_011Ccze8cGyG5ATo3zMr863F'}
[2026-07-13T19:52:56Z] classify_jobs: job error: Anthem Health: Field Advanced Practice Provider — Error code: 400 - {'type': 'error', 'error': {'type': 'invalid_request_error', 'message': 'Your credit balance is too low to access the Anthropic API. Please go to Plans & Billing to upgrade or purchase credits.'}, 'request_id': 'req_011Ccze93srCFkzdvW86fvgC'}
[2026-07-13T19:53:02Z] classify_jobs: job error: Anthem Health: Field Advanced Practice Provider — Error code: 400 - {'type': 'error', 'error': {'type': 'invalid_request_error', 'message': 'Your credit balance is too low to access the Anthropic API. Please go to Plans & Billing to upgrade or purchase credits.'}, 'request_id': 'req_011Ccze9VN2Ft6f3dRH5fz4u'}
[2026-07-13T19:53:08Z] classify_jobs: job error: Anthem Health: Field Advanced Practice Provider — Error code: 400 - {'type': 'error', 'error': {'type': 'invalid_request_error', 'message': 'Your credit balance is too low to access the Anthropic API. Please go to Plans & Billing to upgrade or purchase credits.'}, 'request_id': 'req_011Ccze9wKj3sd6SrgVAwxuA'}
[2026-07-13T19:53:14Z] classify_jobs: job error: Anthem Health: Clinical Fraud Investigator II — Error code: 400 - {'type': 'error', 'error': {'type': 'invalid_request_error', 'message': 'Your credit balance is too low to access the Anthropic API. Please go to Plans & Billing to upgrade or purchase credits.'}, 'request_id': 'req_011CczeANiT2jg6YrVHMXquf'}
[2026-07-13T19:53:20Z] classify_jobs: job error: Attunix: Cyber Solutions Architect — Error code: 400 - {'type': 'error', 'error': {'type': 'invalid_request_error', 'message': 'Your credit balance is too low to access the Anthropic API. Please go to Plans & Billing to upgrade or purchase credits.'}, 'request_id': 'req_011CczeApLKPwYSXouRxXM7Z'}
[2026-07-13T19:53:26Z] classify_jobs: job error: Aristocrat: Sr Engineer II — Error code: 400 - {'type': 'error', 'error': {'type': 'invalid_request_error', 'message': 'Your credit balance is too low to access the Anthropic API. Please go to Plans & Billing to upgrade or purchase credits.'}, 'request_id': 'req_011CczeBG1AFEk6qwcZW25Hh'}
[2026-07-13T19:53:32Z] classify_jobs: job error: Aristocrat: Technical Lead - AI Specialist / Automation Engine — Error code: 400 - {'type': 'error', 'error': {'type': 'invalid_request_error', 'message': 'Your credit balance is too low to access the Anthropic API. Please go to Plans & Billing to upgrade or purchase credits.'}, 'request_id': 'req_011CczeBhfztRvU7WgTeSBbS'}
[2026-07-13T19:53:38Z] classify_jobs: job error: BlackBerry QNX: Intermediate Applications Software Developer — Error code: 400 - {'type': 'error', 'error': {'type': 'invalid_request_error', 'message': 'Your credit balance is too low to access the Anthropic API. Please go to Plans & Billing to upgrade or purchase credits.'}, 'request_id': 'req_011CczeC9Jc5BXn8nQWwfrmB'}
[2026-07-13T19:53:44Z] classify_jobs: job error: Bend Studio: Software Development Engineer in Test Contractor ( — Error code: 400 - {'type': 'error', 'error': {'type': 'invalid_request_error', 'message': 'Your credit balance is too low to access the Anthropic API. Please go to Plans & Billing to upgrade or purchase credits.'}, 'request_id': 'req_011CczeCawU4XEyEhUkcLd8x'}
[2026-07-13T19:53:50Z] classify_jobs: job error: Bullhorn: Customer Solution Advisor — Error code: 400 - {'type': 'error', 'error': {'type': 'invalid_request_error', 'message': 'Your credit balance is too low to access the Anthropic API. Please go to Plans & Billing to upgrade or purchase credits.'}, 'request_id': 'req_011CczeD2dnzdjYzoTNcNFu1'}
[2026-07-13T19:53:56Z] classify_jobs: job error: Charm Industrial: Engineering Fabricator — Error code: 400 - {'type': 'error', 'error': {'type': 'invalid_request_error', 'message': 'Your credit balance is too low to access the Anthropic API. Please go to Plans & Billing to upgrade or purchase credits.'}, 'request_id': 'req_011CczeDUMriFGgyoKVh111N'}
[2026-07-13T19:54:02Z] classify_jobs: job error: Charm Industrial: Engineering Technician — Error code: 400 - {'type': 'error', 'error': {'type': 'invalid_request_error', 'message': 'Your credit balance is too low to access the Anthropic API. Please go to Plans & Billing to upgrade or purchase credits.'}, 'request_id': 'req_011CczeDvE7LV5LLZ26hcUPc'}
[2026-07-13T19:54:08Z] classify_jobs: job error: Cloudflare: Detection & Mitigation Engineer — Error code: 400 - {'type': 'error', 'error': {'type': 'invalid_request_error', 'message': 'Your credit balance is too low to access the Anthropic API. Please go to Plans & Billing to upgrade or purchase credits.'}, 'request_id': 'req_011CczeEMaMJrLCfoQ9FumVy'}
[2026-07-13T19:54:14Z] classify_jobs: job error: Cloudflare: Partner Solutions Architect- Service Providers  — Error code: 400 - {'type': 'error', 'error': {'type': 'invalid_request_error', 'message': 'Your credit balance is too low to access the Anthropic API. Please go to Plans & Billing to upgrade or purchase credits.'}, 'request_id': 'req_011CczeEoFh3VBjkBVwKcPAf'}
[2026-07-13T19:54:20Z] classify_jobs: job error: Cloudflare: Principal Software Engineer, Workers Deploy & Conf — Error code: 400 - {'type': 'error', 'error': {'type': 'invalid_request_error', 'message': 'Your credit balance is too low to access the Anthropic API. Please go to Plans & Billing to upgrade or purchase credits.'}, 'request_id': 'req_011CczeFEsokDkrhVdMUyskV'}
[2026-07-13T19:54:26Z] classify_jobs: job error: Cloudflare: Software Engineer, Workers Deploy & Config — Error code: 400 - {'type': 'error', 'error': {'type': 'invalid_request_error', 'message': 'Your credit balance is too low to access the Anthropic API. Please go to Plans & Billing to upgrade or purchase credits.'}, 'request_id': 'req_011CczeFgXQR8Fjrzn4NQKN3'}
[2026-07-13T19:54:32Z] classify_jobs: job error: Baker Hughes: OFSE Digital Software Portfolio Manager — Error code: 400 - {'type': 'error', 'error': {'type': 'invalid_request_error', 'message': 'Your credit balance is too low to access the Anthropic API. Please go to Plans & Billing to upgrade or purchase credits.'}, 'request_id': 'req_011CczeG8FUBXXcqHVsJmNKg'}
[2026-07-13T19:54:38Z] classify_jobs: job error: Baker Hughes: Project Quality Manager — Error code: 400 - {'type': 'error', 'error': {'type': 'invalid_request_error', 'message': 'Your credit balance is too low to access the Anthropic API. Please go to Plans & Billing to upgrade or purchase credits.'}, 'request_id': 'req_011CczeGZqqxdMZKWJBvcksQ'}
[2026-07-13T19:54:44Z] classify_jobs: job error: Baker Hughes: Product Delivery Manager - SPS&S — Error code: 400 - {'type': 'error', 'error': {'type': 'invalid_request_error', 'message': 'Your credit balance is too low to access the Anthropic API. Please go to Plans & Billing to upgrade or purchase credits.'}, 'request_id': 'req_011CczeH1esViXKC1dZnGDTG'}
[2026-07-13T19:54:50Z] classify_jobs: job error: Baker Hughes: Services Specialist - Technical Support Engineerin — Error code: 400 - {'type': 'error', 'error': {'type': 'invalid_request_error', 'message': 'Your credit balance is too low to access the Anthropic API. Please go to Plans & Billing to upgrade or purchase credits.'}, 'request_id': 'req_011CczeHTkWiuwuqKY5F3N9c'}
[2026-07-13T19:54:56Z] classify_jobs: job error: Baker Hughes: Emerging Talent - Quality Engineer Apprentice 2026 — Error code: 400 - {'type': 'error', 'error': {'type': 'invalid_request_error', 'message': 'Your credit balance is too low to access the Anthropic API. Please go to Plans & Billing to upgrade or purchase credits.'}, 'request_id': 'req_011CczeHtotkSiU458v9UCLf'}
[2026-07-13T19:55:02Z] classify_jobs: job error: Constrafor: Engineering Tech Lead — Error code: 400 - {'type': 'error', 'error': {'type': 'invalid_request_error', 'message': 'Your credit balance is too low to access the Anthropic API. Please go to Plans & Billing to upgrade or purchase credits.'}, 'request_id': 'req_011CczeJLdfKCREhfxV5f8oz'}
[2026-07-13T19:55:08Z] classify_jobs: job error: Colliers: Valuation Associate — Error code: 400 - {'type': 'error', 'error': {'type': 'invalid_request_error', 'message': 'Your credit balance is too low to access the Anthropic API. Please go to Plans & Billing to upgrade or purchase credits.'}, 'request_id': 'req_011CczeJn8av8kgTETfd4Cfu'}
[2026-07-13T19:55:14Z] classify_jobs: job error: Colliers: Workplace Planning Strategist — Error code: 400 - {'type': 'error', 'error': {'type': 'invalid_request_error', 'message': 'Your credit balance is too low to access the Anthropic API. Please go to Plans & Billing to upgrade or purchase credits.'}, 'request_id': 'req_011CczeKDmggghhQ6PzKiTL9'}
[2026-07-13T19:55:20Z] classify_jobs: job error: Colliers: Transaction Manager — Error code: 400 - {'type': 'error', 'error': {'type': 'invalid_request_error', 'message': 'Your credit balance is too low to access the Anthropic API. Please go to Plans & Billing to upgrade or purchase credits.'}, 'request_id': 'req_011CczeKfQnuxA6myygL3JXu'}
[2026-07-13T19:55:26Z] classify_jobs: job error: Curology: Senior Lifecycle Marketing Manager — Error code: 400 - {'type': 'error', 'error': {'type': 'invalid_request_error', 'message': 'Your credit balance is too low to access the Anthropic API. Please go to Plans & Billing to upgrade or purchase credits.'}, 'request_id': 'req_011CczeL77sA32C1mTd8Hm7s'}
[2026-07-13T19:55:32Z] classify_jobs: job error: Rockwell Automation: Field Support Engineer, Controls — Error code: 400 - {'type': 'error', 'error': {'type': 'invalid_request_error', 'message': 'Your credit balance is too low to access the Anthropic API. Please go to Plans & Billing to upgrade or purchase credits.'}, 'request_id': 'req_011CczeLYh13qbSNWSx3F5be'}
[2026-07-13T19:55:38Z] classify_jobs: job error: Rockwell Automation: Functional Safety Consultant — Error code: 400 - {'type': 'error', 'error': {'type': 'invalid_request_error', 'message': 'Your credit balance is too low to access the Anthropic API. Please go to Plans & Billing to upgrade or purchase credits.'}, 'request_id': 'req_011CczeLzMr5dpXoh1dmdCNU'}
[2026-07-13T19:55:44Z] classify_jobs: job error: Rockwell Automation: Paid Media Specialist — Error code: 400 - {'type': 'error', 'error': {'type': 'invalid_request_error', 'message': 'Your credit balance is too low to access the Anthropic API. Please go to Plans & Billing to upgrade or purchase credits.'}, 'request_id': 'req_011CczeMS2CG4Ayr7hjmygxa'}
[2026-07-13T19:55:50Z] classify_jobs: job error: Rockwell Automation: ABM and Expansion Manager — Error code: 400 - {'type': 'error', 'error': {'type': 'invalid_request_error', 'message': 'Your credit balance is too low to access the Anthropic API. Please go to Plans & Billing to upgrade or purchase credits.'}, 'request_id': 'req_011CczeMsvBExWZRbmMY6YaM'}
[2026-07-13T19:55:56Z] classify_jobs: job error: Thomson Reuters Labs: Gerente Produto Plataforma Sr — Error code: 400 - {'type': 'error', 'error': {'type': 'invalid_request_error', 'message': 'Your credit balance is too low to access the Anthropic API. Please go to Plans & Billing to upgrade or purchase credits.'}, 'request_id': 'req_011CczeNKM8QraV7K6YT7ZhU'}
[2026-07-13T19:56:02Z] classify_jobs: job error: Thomson Reuters Labs: Gerente de Produto SR (Cloud) — Error code: 400 - {'type': 'error', 'error': {'type': 'invalid_request_error', 'message': 'Your credit balance is too low to access the Anthropic API. Please go to Plans & Billing to upgrade or purchase credits.'}, 'request_id': 'req_011CczeNkzV4pKnQU3V95U7n'}
[2026-07-13T19:56:08Z] classify_jobs: job error: Thomson Reuters Labs: Transformation Delivery Consultant — Error code: 400 - {'type': 'error', 'error': {'type': 'invalid_request_error', 'message': 'Your credit balance is too low to access the Anthropic API. Please go to Plans & Billing to upgrade or purchase credits.'}, 'request_id': 'req_011CczePCwwML8iB2txkUEKC'}
[2026-07-13T19:56:14Z] classify_jobs: job error: Thomson Reuters Labs: Software Engineer I — Error code: 400 - {'type': 'error', 'error': {'type': 'invalid_request_error', 'message': 'Your credit balance is too low to access the Anthropic API. Please go to Plans & Billing to upgrade or purchase credits.'}, 'request_id': 'req_011CczePeHBtw2MFEEP211Ep'}
[2026-07-13T19:56:20Z] classify_jobs: job error: Thomson Reuters Labs: Software Engineer I — Error code: 400 - {'type': 'error', 'error': {'type': 'invalid_request_error', 'message': 'Your credit balance is too low to access the Anthropic API. Please go to Plans & Billing to upgrade or purchase credits.'}, 'request_id': 'req_011CczeQ5ymTCyj4YqnEvSS5'}
[2026-07-13T19:56:26Z] classify_jobs: job error: Thomson Reuters Labs: JREQ201758 Senior Strategy and Operations Lead — Error code: 400 - {'type': 'error', 'error': {'type': 'invalid_request_error', 'message': 'Your credit balance is too low to access the Anthropic API. Please go to Plans & Billing to upgrade or purchase credits.'}, 'request_id': 'req_011CczeQXbdg7Y3gNykvwwRT'}
[2026-07-13T19:56:32Z] classify_jobs: job error: d-Matrix: Contract Lead, Site Reliability Engineering — AI A — Error code: 400 - {'type': 'error', 'error': {'type': 'invalid_request_error', 'message': 'Your credit balance is too low to access the Anthropic API. Please go to Plans & Billing to upgrade or purchase credits.'}, 'request_id': 'req_011CczeQyXMg9UqEUVpSpep3'}
[2026-07-13T19:56:38Z] classify_jobs: job error: Databricks: Sr. Solutions Architect — Error code: 400 - {'type': 'error', 'error': {'type': 'invalid_request_error', 'message': 'Your credit balance is too low to access the Anthropic API. Please go to Plans & Billing to upgrade or purchase credits.'}, 'request_id': 'req_011CczeRQwp8ZYpNDokVWs7r'}
[2026-07-13T19:56:44Z] classify_jobs: job error: Capital One: Senior Manager, Software Engineering — Error code: 400 - {'type': 'error', 'error': {'type': 'invalid_request_error', 'message': 'Your credit balance is too low to access the Anthropic API. Please go to Plans & Billing to upgrade or purchase credits.'}, 'request_id': 'req_011CczeRrkawFSm4Fm7PKE2Y'}
[2026-07-13T19:56:50Z] classify_jobs: job error: Capital One: Lead Software Engineer, Full Stack — Error code: 400 - {'type': 'error', 'error': {'type': 'invalid_request_error', 'message': 'Your credit balance is too low to access the Anthropic API. Please go to Plans & Billing to upgrade or purchase credits.'}, 'request_id': 'req_011CczeSJC3GqkTSx3BZhHdH'}
[2026-07-13T19:56:56Z] classify_jobs: job error: Capital One: Lead Software Engineer, Full Stack — Error code: 400 - {'type': 'error', 'error': {'type': 'invalid_request_error', 'message': 'Your credit balance is too low to access the Anthropic API. Please go to Plans & Billing to upgrade or purchase credits.'}, 'request_id': 'req_011CczeSjqPbKEfhyCetWUg8'}
[2026-07-13T19:57:02Z] classify_jobs: job error: Capital One: Senior Lead Software Engineer, Fullstack (Nodejs/G — Error code: 400 - {'type': 'error', 'error': {'type': 'invalid_request_error', 'message': 'Your credit balance is too low to access the Anthropic API. Please go to Plans & Billing to upgrade or purchase credits.'}, 'request_id': 'req_011CczeTBWym4gEVMj4z1mvW'}
[2026-07-13T19:57:08Z] classify_jobs: job error: Capital One: Lead Software Engineer — Error code: 400 - {'type': 'error', 'error': {'type': 'invalid_request_error', 'message': 'Your credit balance is too low to access the Anthropic API. Please go to Plans & Billing to upgrade or purchase credits.'}, 'request_id': 'req_011CczeTdCK6GUaS98Xr4wPu'}
[2026-07-13T19:57:14Z] classify_jobs: job error: Capital One: Lead Software Engineer — Error code: 400 - {'type': 'error', 'error': {'type': 'invalid_request_error', 'message': 'Your credit balance is too low to access the Anthropic API. Please go to Plans & Billing to upgrade or purchase credits.'}, 'request_id': 'req_011CczeU4rfSJsuCh3Zuyija'}
[2026-07-13T19:57:20Z] classify_jobs: job error: Capital One: Product Design Manager - DMDC — Error code: 400 - {'type': 'error', 'error': {'type': 'invalid_request_error', 'message': 'Your credit balance is too low to access the Anthropic API. Please go to Plans & Billing to upgrade or purchase credits.'}, 'request_id': 'req_011CczeUWU2pXMrV1FTZCAiQ'}
[2026-07-13T19:57:26Z] classify_jobs: job error: Capital One: Senior Manager, Software Engineering, Fullstack (G — Error code: 400 - {'type': 'error', 'error': {'type': 'invalid_request_error', 'message': 'Your credit balance is too low to access the Anthropic API. Please go to Plans & Billing to upgrade or purchase credits.'}, 'request_id': 'req_011CczeUxH45k4KPK5sg5Q3U'}
[2026-07-13T19:57:32Z] classify_jobs: job error: Capital One: Lead Software Engineer, Full Stack (Risk Tech, Int — Error code: 400 - {'type': 'error', 'error': {'type': 'invalid_request_error', 'message': 'Your credit balance is too low to access the Anthropic API. Please go to Plans & Billing to upgrade or purchase credits.'}, 'request_id': 'req_011CczeVPoTkzFWBxysavhc7'}
[2026-07-13T19:57:38Z] classify_jobs: job error: Capital One: Senior Manager, Product Manager-Small Business Ban — Error code: 400 - {'type': 'error', 'error': {'type': 'invalid_request_error', 'message': 'Your credit balance is too low to access the Anthropic API. Please go to Plans & Billing to upgrade or purchase credits.'}, 'request_id': 'req_011CczeVqRq6Skc3EG4UWbKp'}
[2026-07-13T19:57:44Z] classify_jobs: job error: Capital One: Product Manager - Mainstreet Card Team — Error code: 400 - {'type': 'error', 'error': {'type': 'invalid_request_error', 'message': 'Your credit balance is too low to access the Anthropic API. Please go to Plans & Billing to upgrade or purchase credits.'}, 'request_id': 'req_011CczeWH5RzawVnFgUfGszt'}
[2026-07-13T19:57:50Z] classify_jobs: job error: Capital One: Manager, Project Management - Card, Customer Offic — Error code: 400 - {'type': 'error', 'error': {'type': 'invalid_request_error', 'message': 'Your credit balance is too low to access the Anthropic API. Please go to Plans & Billing to upgrade or purchase credits.'}, 'request_id': 'req_011CczeWjb8CmE83xQWRfXrt'}
[2026-07-13T19:57:56Z] classify_jobs: job error: Capital One: Senior Information Security Office (ISO) Consultan — Error code: 400 - {'type': 'error', 'error': {'type': 'invalid_request_error', 'message': 'Your credit balance is too low to access the Anthropic API. Please go to Plans & Billing to upgrade or purchase credits.'}, 'request_id': 'req_011CczeXAR7FtT5aSv8qCRFC'}
[2026-07-13T19:58:02Z] classify_jobs: job error: Capital One: Senior Associate, Product Manager - Card Site Team — Error code: 400 - {'type': 'error', 'error': {'type': 'invalid_request_error', 'message': 'Your credit balance is too low to access the Anthropic API. Please go to Plans & Billing to upgrade or purchase credits.'}, 'request_id': 'req_011CczeXcARCG2rJ5ogBZP2k'}
[2026-07-13T19:58:08Z] classify_jobs: job error: Capital One: Distinguished Machine Learning Engineer — Error code: 400 - {'type': 'error', 'error': {'type': 'invalid_request_error', 'message': 'Your credit balance is too low to access the Anthropic API. Please go to Plans & Billing to upgrade or purchase credits.'}, 'request_id': 'req_011CczeY3h5MbXZ4Uqu6Z5ow'}
[2026-07-13T19:58:14Z] classify_jobs: job error: Capital One: Sr. Associate, Volunteerism Reporting & Data Enabl — Error code: 400 - {'type': 'error', 'error': {'type': 'invalid_request_error', 'message': 'Your credit balance is too low to access the Anthropic API. Please go to Plans & Billing to upgrade or purchase credits.'}, 'request_id': 'req_011CczeYVLBFQBFTKwmA7Dmu'}
[2026-07-13T19:58:20Z] classify_jobs: job error: Capital One: Lead Risk Specialist — Error code: 400 - {'type': 'error', 'error': {'type': 'invalid_request_error', 'message': 'Your credit balance is too low to access the Anthropic API. Please go to Plans & Billing to upgrade or purchase credits.'}, 'request_id': 'req_011CczeYw3FskJceECFGzGyz'}
[2026-07-13T19:58:26Z] classify_jobs: job error: Capital One: Senior Staff Software Engineer - International Car — Error code: 400 - {'type': 'error', 'error': {'type': 'invalid_request_error', 'message': 'Your credit balance is too low to access the Anthropic API. Please go to Plans & Billing to upgrade or purchase credits.'}, 'request_id': 'req_011CczeZNfcfducd8Ew8FdH3'}
[2026-07-13T19:58:32Z] classify_jobs: job error: Capital One: Senior Product Manager - Flights Search and Mercha — Error code: 400 - {'type': 'error', 'error': {'type': 'invalid_request_error', 'message': 'Your credit balance is too low to access the Anthropic API. Please go to Plans & Billing to upgrade or purchase credits.'}, 'request_id': 'req_011CczeZpKTmxj3Kbgv38kRP'}
[2026-07-13T19:58:38Z] classify_jobs: job error: Capital One: Manager, Product Manager - UX/UI & Merchandising | — Error code: 400 - {'type': 'error', 'error': {'type': 'invalid_request_error', 'message': 'Your credit balance is too low to access the Anthropic API. Please go to Plans & Billing to upgrade or purchase credits.'}, 'request_id': 'req_011CczeaG6zxQxFms5yBDpcT'}
[2026-07-13T19:58:44Z] classify_jobs: job error: Docketly: Fulfillment Lead — Error code: 400 - {'type': 'error', 'error': {'type': 'invalid_request_error', 'message': 'Your credit balance is too low to access the Anthropic API. Please go to Plans & Billing to upgrade or purchase credits.'}, 'request_id': 'req_011CczeahbvhXEUBJnQ4fKM7'}
[2026-07-13T19:58:50Z] classify_jobs: job error: CityMD:  Patient Reception Specialist  — Error code: 400 - {'type': 'error', 'error': {'type': 'invalid_request_error', 'message': 'Your credit balance is too low to access the Anthropic API. Please go to Plans & Billing to upgrade or purchase credits.'}, 'request_id': 'req_011Cczeb9cMiBsos7XHq3kKw'}
[2026-07-13T19:58:56Z] classify_jobs: job error: CityMD: Patient Reception Specialist - Braeswood — Error code: 400 - {'type': 'error', 'error': {'type': 'invalid_request_error', 'message': 'Your credit balance is too low to access the Anthropic API. Please go to Plans & Billing to upgrade or purchase credits.'}, 'request_id': 'req_011Cczebavcduj88wnABPct7'}
[2026-07-13T19:59:02Z] classify_jobs: job error: CityMD: X-Ray Technologist — Error code: 400 - {'type': 'error', 'error': {'type': 'invalid_request_error', 'message': 'Your credit balance is too low to access the Anthropic API. Please go to Plans & Billing to upgrade or purchase credits.'}, 'request_id': 'req_011Cczec2eBYYBgnD6j2YP4h'}
[2026-07-13T19:59:08Z] classify_jobs: job error: CityMD: Seasonal Medical Scribe — Error code: 400 - {'type': 'error', 'error': {'type': 'invalid_request_error', 'message': 'Your credit balance is too low to access the Anthropic API. Please go to Plans & Billing to upgrade or purchase credits.'}, 'request_id': 'req_011CczecUGYbF2o5XAKhuyxy'}
[2026-07-13T19:59:14Z] classify_jobs: job error: Dust: Revenue Operations — Error code: 400 - {'type': 'error', 'error': {'type': 'invalid_request_error', 'message': 'Your credit balance is too low to access the Anthropic API. Please go to Plans & Billing to upgrade or purchase credits.'}, 'request_id': 'req_011CczecusRQx2AJVYyB2V66'}
[2026-07-13T19:59:20Z] classify_jobs: job error: Dust: Revenue Operations — Error code: 400 - {'type': 'error', 'error': {'type': 'invalid_request_error', 'message': 'Your credit balance is too low to access the Anthropic API. Please go to Plans & Billing to upgrade or purchase credits.'}, 'request_id': 'req_011CczedMZzWHuYd7XCdeAVV'}
[2026-07-13T19:59:26Z] classify_jobs: job error: Dust: Creative Director, Brand — Error code: 400 - {'type': 'error', 'error': {'type': 'invalid_request_error', 'message': 'Your credit balance is too low to access the Anthropic API. Please go to Plans & Billing to upgrade or purchase credits.'}, 'request_id': 'req_011CczedoCMu2tundfVvAAhe'}
[2026-07-13T19:59:32Z] classify_jobs: job error: Draper: Principal Digital Engineering Data Solutions Syste — Error code: 400 - {'type': 'error', 'error': {'type': 'invalid_request_error', 'message': 'Your credit balance is too low to access the Anthropic API. Please go to Plans & Billing to upgrade or purchase credits.'}, 'request_id': 'req_011CczeeGK1cbd4pHeJ3Vdhm'}
[2026-07-13T19:59:38Z] classify_jobs: job error: EnergyHub: Product Manager II — Error code: 400 - {'type': 'error', 'error': {'type': 'invalid_request_error', 'message': 'Your credit balance is too low to access the Anthropic API. Please go to Plans & Billing to upgrade or purchase credits.'}, 'request_id': 'req_011CczeegVKF57nZD7Y9Mhwj'}
[2026-07-13T19:59:44Z] classify_jobs: job error: Epirus: Product Test Engineer  — Error code: 400 - {'type': 'error', 'error': {'type': 'invalid_request_error', 'message': 'Your credit balance is too low to access the Anthropic API. Please go to Plans & Billing to upgrade or purchase credits.'}, 'request_id': 'req_011Cczef88fPD9dPaMD7QQeH'}
[2026-07-13T19:59:50Z] classify_jobs: job error: Empower Retirement: Marketing Videographer- Boston — Error code: 400 - {'type': 'error', 'error': {'type': 'invalid_request_error', 'message': 'Your credit balance is too low to access the Anthropic API. Please go to Plans & Billing to upgrade or purchase credits.'}, 'request_id': 'req_011CczefagLxfqY8Y6XFMmfT'}
[2026-07-13T19:59:56Z] classify_jobs: job error: Empower Retirement: Architect of Data Architecture — Error code: 400 - {'type': 'error', 'error': {'type': 'invalid_request_error', 'message': 'Your credit balance is too low to access the Anthropic API. Please go to Plans & Billing to upgrade or purchase credits.'}, 'request_id': 'req_011Cczeg1TMrmbFrAtQvVTCa'}
[2026-07-13T20:00:02Z] classify_jobs: job error: Eurofins: Ejecutivo de subcontratación analítica — Error code: 400 - {'type': 'error', 'error': {'type': 'invalid_request_error', 'message': 'Your credit balance is too low to access the Anthropic API. Please go to Plans & Billing to upgrade or purchase credits.'}, 'request_id': 'req_011CczegT8wkg4Dbgm1tn1Ht'}
[2026-07-13T20:00:08Z] classify_jobs: job error: Eurofins: Laboratory Technician I — Error code: 400 - {'type': 'error', 'error': {'type': 'invalid_request_error', 'message': 'Your credit balance is too low to access the Anthropic API. Please go to Plans & Billing to upgrade or purchase credits.'}, 'request_id': 'req_011CczegtqmM9BSnqcGXqkki'}
[2026-07-13T20:00:14Z] classify_jobs: job error: Eurofins: DNA Synthesis Technician I/II — Error code: 400 - {'type': 'error', 'error': {'type': 'invalid_request_error', 'message': 'Your credit balance is too low to access the Anthropic API. Please go to Plans & Billing to upgrade or purchase credits.'}, 'request_id': 'req_011CczehLZasyKg6YbU3wY4U'}
[2026-07-13T20:00:20Z] classify_jobs: job error: Eurofins: Global Sample Management Specialist — Error code: 400 - {'type': 'error', 'error': {'type': 'invalid_request_error', 'message': 'Your credit balance is too low to access the Anthropic API. Please go to Plans & Billing to upgrade or purchase credits.'}, 'request_id': 'req_011Cczehn8yA8Q1rrevaAjXF'}
[2026-07-13T20:00:26Z] classify_jobs: job error: Eurofins: Laboratory Support Technician — Error code: 400 - {'type': 'error', 'error': {'type': 'invalid_request_error', 'message': 'Your credit balance is too low to access the Anthropic API. Please go to Plans & Billing to upgrade or purchase credits.'}, 'request_id': 'req_011CczeiDhrphuRqD4tzcyeQ'}
[2026-07-13T20:00:32Z] classify_jobs: job error: Eurofins: Pricing Group Leader - Biologics — Error code: 400 - {'type': 'error', 'error': {'type': 'invalid_request_error', 'message': 'Your credit balance is too low to access the Anthropic API. Please go to Plans & Billing to upgrade or purchase credits.'}, 'request_id': 'req_011CczeifNwuoSKf11nNaeLm'}
[2026-07-13T20:00:38Z] classify_jobs: job error: Eurofins: Associate Scientist USP  — Error code: 400 - {'type': 'error', 'error': {'type': 'invalid_request_error', 'message': 'Your credit balance is too low to access the Anthropic API. Please go to Plans & Billing to upgrade or purchase credits.'}, 'request_id': 'req_011Cczej76GTkruz8foEj3UF'}
[2026-07-13T20:00:44Z] classify_jobs: job error: Eurofins: Test Engineer, Environmental Simulation Laboratory — Error code: 400 - {'type': 'error', 'error': {'type': 'invalid_request_error', 'message': 'Your credit balance is too low to access the Anthropic API. Please go to Plans & Billing to upgrade or purchase credits.'}, 'request_id': 'req_011CczejYm7cowQKcokqLsdC'}
[2026-07-13T20:00:50Z] classify_jobs: job error: Eurofins: Laboratory Technician — Error code: 400 - {'type': 'error', 'error': {'type': 'invalid_request_error', 'message': 'Your credit balance is too low to access the Anthropic API. Please go to Plans & Billing to upgrade or purchase credits.'}, 'request_id': 'req_011CczejzRD99HYzufApz7Z6'}
[2026-07-13T20:00:56Z] classify_jobs: job error: Eurofins: Chemist - Environment Testing - 2nd Shift - Tues-S — Error code: 400 - {'type': 'error', 'error': {'type': 'invalid_request_error', 'message': 'Your credit balance is too low to access the Anthropic API. Please go to Plans & Billing to upgrade or purchase credits.'}, 'request_id': 'req_011CczekS5Z31AYwxq2Kjy27'}
[2026-07-13T20:01:02Z] classify_jobs: job error: Eurofins: HR and L&D Administrator — Error code: 400 - {'type': 'error', 'error': {'type': 'invalid_request_error', 'message': 'Your credit balance is too low to access the Anthropic API. Please go to Plans & Billing to upgrade or purchase credits.'}, 'request_id': 'req_011CczeksfC8mSJBtTtH4ir7'}
[2026-07-13T20:01:08Z] classify_jobs: job error: Figma: Director, Research - AI Evals — Error code: 400 - {'type': 'error', 'error': {'type': 'invalid_request_error', 'message': 'Your credit balance is too low to access the Anthropic API. Please go to Plans & Billing to upgrade or purchase credits.'}, 'request_id': 'req_011CczemKL2oJwC54jHeJa5v'}
[2026-07-13T20:01:14Z] classify_jobs: job error: Finni Health: Part-Time Board Certified Behavior Analyst (BCBA) — Error code: 400 - {'type': 'error', 'error': {'type': 'invalid_request_error', 'message': 'Your credit balance is too low to access the Anthropic API. Please go to Plans & Billing to upgrade or purchase credits.'}, 'request_id': 'req_011CczemkwQ8AYHog93tBNfd'}
[2026-07-13T20:01:20Z] classify_jobs: job error: Sinefa: Senior Enterprise Customer Success Engineer (Prism — Error code: 400 - {'type': 'error', 'error': {'type': 'invalid_request_error', 'message': 'Your credit balance is too low to access the Anthropic API. Please go to Plans & Billing to upgrade or purchase credits.'}, 'request_id': 'req_011CczenCbFUzJAtpwEufXjf'}
[2026-07-13T20:01:26Z] classify_jobs: job error: Sinefa: Channel Business Manager — Error code: 400 - {'type': 'error', 'error': {'type': 'invalid_request_error', 'message': 'Your credit balance is too low to access the Anthropic API. Please go to Plans & Billing to upgrade or purchase credits.'}, 'request_id': 'req_011CczeneHLG2MNd21BJyFox'}
[2026-07-13T20:01:32Z] classify_jobs: job error: Sinefa: Principal Engineer Software, Tools & Platforms (Co — Error code: 400 - {'type': 'error', 'error': {'type': 'invalid_request_error', 'message': 'Your credit balance is too low to access the Anthropic API. Please go to Plans & Billing to upgrade or purchase credits.'}, 'request_id': 'req_011Cczeo5wvLwJ99AEHvugof'}
[2026-07-13T20:01:38Z] classify_jobs: job error: First American: Commercial Title Officer (remote) — Error code: 400 - {'type': 'error', 'error': {'type': 'invalid_request_error', 'message': 'Your credit balance is too low to access the Anthropic API. Please go to Plans & Billing to upgrade or purchase credits.'}, 'request_id': 'req_011CczeoXaXt46VaHeBTpYVV'}
[2026-07-13T20:01:44Z] classify_jobs: job error: GeoPhy: Senior Analyst — Error code: 400 - {'type': 'error', 'error': {'type': 'invalid_request_error', 'message': 'Your credit balance is too low to access the Anthropic API. Please go to Plans & Billing to upgrade or purchase credits.'}, 'request_id': 'req_011CczeoyENybDJNtd6CZCjL'}
[2026-07-13T20:01:50Z] classify_jobs: job error: GitLab: Director, Engineering, Platform Operations & Produ — Error code: 400 - {'type': 'error', 'error': {'type': 'invalid_request_error', 'message': 'Your credit balance is too low to access the Anthropic API. Please go to Plans & Billing to upgrade or purchase credits.'}, 'request_id': 'req_011CczepQrzhsakdGdTbzfKC'}
[2026-07-13T20:01:56Z] classify_jobs: job error: GitLab: Manager, Engineering, Git & Gitaly Operations — Error code: 400 - {'type': 'error', 'error': {'type': 'invalid_request_error', 'message': 'Your credit balance is too low to access the Anthropic API. Please go to Plans & Billing to upgrade or purchase credits.'}, 'request_id': 'req_011Cczeprv9jyWeQctyV7Ybx'}
[2026-07-13T20:02:02Z] classify_jobs: job error: GitLab: Revenue Analytics Manager — Error code: 400 - {'type': 'error', 'error': {'type': 'invalid_request_error', 'message': 'Your credit balance is too low to access the Anthropic API. Please go to Plans & Billing to upgrade or purchase credits.'}, 'request_id': 'req_011CczeqJGeQ5igJuxxPmtLm'}
[2026-07-13T20:02:08Z] classify_jobs: job error: GitLab: Senior Revenue Analytics Analyst — Error code: 400 - {'type': 'error', 'error': {'type': 'invalid_request_error', 'message': 'Your credit balance is too low to access the Anthropic API. Please go to Plans & Billing to upgrade or purchase credits.'}, 'request_id': 'req_011CczeqjpHvjtAxLUgWT3k7'}
[2026-07-13T20:02:14Z] classify_jobs: job error: GitLab: Senior Solutions Architect - UAE — Error code: 400 - {'type': 'error', 'error': {'type': 'invalid_request_error', 'message': 'Your credit balance is too low to access the Anthropic API. Please go to Plans & Billing to upgrade or purchase credits.'}, 'request_id': 'req_011CczerBVP7bAy1cQ878g6K'}
[2026-07-13T20:02:20Z] classify_jobs: job error: DXC Technology: 前端开发工程师 — Error code: 400 - {'type': 'error', 'error': {'type': 'invalid_request_error', 'message': 'Your credit balance is too low to access the Anthropic API. Please go to Plans & Billing to upgrade or purchase credits.'}, 'request_id': 'req_011Cczerd7FZtL4eFny8Axj5'}
[2026-07-13T20:02:26Z] classify_jobs: job error: DXC Technology: HSS Value Stream Lead — Error code: 400 - {'type': 'error', 'error': {'type': 'invalid_request_error', 'message': 'Your credit balance is too low to access the Anthropic API. Please go to Plans & Billing to upgrade or purchase credits.'}, 'request_id': 'req_011Cczes5CPbGtjxURENX26H'}
[2026-07-13T20:02:32Z] classify_jobs: job error: Grafana Labs: Senior Solutions Engineer | East Coast | Remote — Error code: 400 - {'type': 'error', 'error': {'type': 'invalid_request_error', 'message': 'Your credit balance is too low to access the Anthropic API. Please go to Plans & Billing to upgrade or purchase credits.'}, 'request_id': 'req_011CczesWVujCx4gBqBxQr1Z'}
[2026-07-13T20:02:38Z] classify_jobs: job error: Booz Allen Hamilton: Systems Engineer, Lead — Error code: 400 - {'type': 'error', 'error': {'type': 'invalid_request_error', 'message': 'Your credit balance is too low to access the Anthropic API. Please go to Plans & Billing to upgrade or purchase credits.'}, 'request_id': 'req_011CczesxAkL24zkzRpg7nXi'}
[2026-07-13T20:02:44Z] classify_jobs: job error: Booz Allen Hamilton: Backend C2 Systems Full Stack Developer — Error code: 400 - {'type': 'error', 'error': {'type': 'invalid_request_error', 'message': 'Your credit balance is too low to access the Anthropic API. Please go to Plans & Billing to upgrade or purchase credits.'}, 'request_id': 'req_011CczetPmsHDnBUTYrTbBCz'}
[2026-07-13T20:02:50Z] classify_jobs: job error: Booz Allen Hamilton: Software Test Automation Engineer — Error code: 400 - {'type': 'error', 'error': {'type': 'invalid_request_error', 'message': 'Your credit balance is too low to access the Anthropic API. Please go to Plans & Billing to upgrade or purchase credits.'}, 'request_id': 'req_011CczetqQEVhjqbFuhCTUw6'}
[2026-07-13T20:02:56Z] classify_jobs: job error: Booz Allen Hamilton: Data Engineer — Error code: 400 - {'type': 'error', 'error': {'type': 'invalid_request_error', 'message': 'Your credit balance is too low to access the Anthropic API. Please go to Plans & Billing to upgrade or purchase credits.'}, 'request_id': 'req_011CczeuH26ZCfNijp3rvCbJ'}
[2026-07-13T20:03:02Z] classify_jobs: job error: Booz Allen Hamilton: Frontend C2 Systems Full Stack Developer — Error code: 400 - {'type': 'error', 'error': {'type': 'invalid_request_error', 'message': 'Your credit balance is too low to access the Anthropic API. Please go to Plans & Billing to upgrade or purchase credits.'}, 'request_id': 'req_011CczeuiiftNQ4yBRKMtqkv'}
[2026-07-13T20:03:08Z] classify_jobs: job error: Booz Allen Hamilton: Command & Control Systems Platform and Infrastruct — Error code: 400 - {'type': 'error', 'error': {'type': 'invalid_request_error', 'message': 'Your credit balance is too low to access the Anthropic API. Please go to Plans & Billing to upgrade or purchase credits.'}, 'request_id': 'req_011CczevANHA2THL6TpdDV38'}
[2026-07-13T20:03:14Z] classify_jobs: job error: Booz Allen Hamilton: Enterprise Architect, Lead — Error code: 400 - {'type': 'error', 'error': {'type': 'invalid_request_error', 'message': 'Your credit balance is too low to access the Anthropic API. Please go to Plans & Billing to upgrade or purchase credits.'}, 'request_id': 'req_011CczevbztVBMeaHEiWoifN'}
[2026-07-13T20:03:20Z] classify_jobs: job error: Booz Allen Hamilton: Software Engineer — Error code: 400 - {'type': 'error', 'error': {'type': 'invalid_request_error', 'message': 'Your credit balance is too low to access the Anthropic API. Please go to Plans & Billing to upgrade or purchase credits.'}, 'request_id': 'req_011Cczew3hDXVPp3iYgK7XkZ'}
[2026-07-13T20:03:26Z] classify_jobs: job error: Booz Allen Hamilton: C2 Systems Platform and Infrastructure Engineer — Error code: 400 - {'type': 'error', 'error': {'type': 'invalid_request_error', 'message': 'Your credit balance is too low to access the Anthropic API. Please go to Plans & Billing to upgrade or purchase credits.'}, 'request_id': 'req_011CczewVJLJmye52jLCC4yv'}
[2026-07-13T20:03:32Z] classify_jobs: job error: Booz Allen Hamilton: Team and Organizational Solutions Specialist — Error code: 400 - {'type': 'error', 'error': {'type': 'invalid_request_error', 'message': 'Your credit balance is too low to access the Anthropic API. Please go to Plans & Billing to upgrade or purchase credits.'}, 'request_id': 'req_011Cczeww1exS7GR9JNRFgKh'}
[2026-07-13T20:03:38Z] classify_jobs: job error: Booz Allen Hamilton: Software Signals Engineer — Error code: 400 - {'type': 'error', 'error': {'type': 'invalid_request_error', 'message': 'Your credit balance is too low to access the Anthropic API. Please go to Plans & Billing to upgrade or purchase credits.'}, 'request_id': 'req_011CczexNd2Qdr4Tuxk4PwJq'}
[2026-07-13T20:03:44Z] classify_jobs: job error: Booz Allen Hamilton: DevOps Engineer — Error code: 400 - {'type': 'error', 'error': {'type': 'invalid_request_error', 'message': 'Your credit balance is too low to access the Anthropic API. Please go to Plans & Billing to upgrade or purchase credits.'}, 'request_id': 'req_011CczexpjQufRvPvwKRz4pi'}
[2026-07-13T20:03:50Z] classify_jobs: job error: Booz Allen Hamilton: Operations Support Specialist — Error code: 400 - {'type': 'error', 'error': {'type': 'invalid_request_error', 'message': 'Your credit balance is too low to access the Anthropic API. Please go to Plans & Billing to upgrade or purchase credits.'}, 'request_id': 'req_011CczeyFwiTdUSpnhAqNHAH'}
[2026-07-13T20:03:56Z] classify_jobs: job error: Booz Allen Hamilton: Organizational Change Management Specialist — Error code: 400 - {'type': 'error', 'error': {'type': 'invalid_request_error', 'message': 'Your credit balance is too low to access the Anthropic API. Please go to Plans & Billing to upgrade or purchase credits.'}, 'request_id': 'req_011CczeyhdYxbuuqCjKdoAUC'}
[2026-07-13T20:04:02Z] classify_jobs: job error: Booz Allen Hamilton: GEOINT Collection Manager, Mid — Error code: 400 - {'type': 'error', 'error': {'type': 'invalid_request_error', 'message': 'Your credit balance is too low to access the Anthropic API. Please go to Plans & Billing to upgrade or purchase credits.'}, 'request_id': 'req_011Cczez9Htpz2o6Pcs5Zw1y'}
[2026-07-13T20:04:08Z] classify_jobs: job error: Booz Allen Hamilton: Microsoft Dynamics Developer — Error code: 400 - {'type': 'error', 'error': {'type': 'invalid_request_error', 'message': 'Your credit balance is too low to access the Anthropic API. Please go to Plans & Billing to upgrade or purchase credits.'}, 'request_id': 'req_011CczezasHJMYYTpKrgPNZv'}
[2026-07-13T20:04:14Z] classify_jobs: job error: Booz Allen Hamilton: Target Digital Network Analyst — Error code: 400 - {'type': 'error', 'error': {'type': 'invalid_request_error', 'message': 'Your credit balance is too low to access the Anthropic API. Please go to Plans & Billing to upgrade or purchase credits.'}, 'request_id': 'req_011Cczf12Xsn6kyaPstXG4wi'}
[2026-07-13T20:04:20Z] classify_jobs: job error: Booz Allen Hamilton: Learning Strategist, Senior — Error code: 400 - {'type': 'error', 'error': {'type': 'invalid_request_error', 'message': 'Your credit balance is too low to access the Anthropic API. Please go to Plans & Billing to upgrade or purchase credits.'}, 'request_id': 'req_011Cczf1UByXskUZBKuNEkgh'}
[2026-07-13T20:04:26Z] classify_jobs: job error: Booz Allen Hamilton: Cryptologic Data Flow Technician — Error code: 400 - {'type': 'error', 'error': {'type': 'invalid_request_error', 'message': 'Your credit balance is too low to access the Anthropic API. Please go to Plans & Billing to upgrade or purchase credits.'}, 'request_id': 'req_011Cczf1urpCYZXxsU7mrCE1'}
[2026-07-13T20:04:32Z] classify_jobs: job error: Booz Allen Hamilton: Bioinformatics Specialist — Error code: 400 - {'type': 'error', 'error': {'type': 'invalid_request_error', 'message': 'Your credit balance is too low to access the Anthropic API. Please go to Plans & Billing to upgrade or purchase credits.'}, 'request_id': 'req_011Cczf2Mo2WtLEySvyKAa3B'}
[2026-07-13T20:04:38Z] classify_jobs: job error: Booz Allen Hamilton: Bioinformatics Specialist — Error code: 400 - {'type': 'error', 'error': {'type': 'invalid_request_error', 'message': 'Your credit balance is too low to access the Anthropic API. Please go to Plans & Billing to upgrade or purchase credits.'}, 'request_id': 'req_011Cczf2oBkXrnnF91reX6u3'}
[2026-07-13T20:04:44Z] classify_jobs: job error: Booz Allen Hamilton: Textile Engineer — Error code: 400 - {'type': 'error', 'error': {'type': 'invalid_request_error', 'message': 'Your credit balance is too low to access the Anthropic API. Please go to Plans & Billing to upgrade or purchase credits.'}, 'request_id': 'req_011Cczf3EocqqBVYgHt8vUXm'}
[2026-07-13T20:04:50Z] classify_jobs: job error: Booz Allen Hamilton: Data Scientist — Error code: 400 - {'type': 'error', 'error': {'type': 'invalid_request_error', 'message': 'Your credit balance is too low to access the Anthropic API. Please go to Plans & Billing to upgrade or purchase credits.'}, 'request_id': 'req_011Cczf3gWSeSb9EJDxxzmJi'}
[2026-07-13T20:04:56Z] classify_jobs: job error: Booz Allen Hamilton: C2 Mission Systems Data Architect — Error code: 400 - {'type': 'error', 'error': {'type': 'invalid_request_error', 'message': 'Your credit balance is too low to access the Anthropic API. Please go to Plans & Billing to upgrade or purchase credits.'}, 'request_id': 'req_011Cczf48BXnmgKdNc7ksWrr'}
[2026-07-13T20:05:02Z] classify_jobs: job error: Booz Allen Hamilton: Cloud Security Engineer — Error code: 400 - {'type': 'error', 'error': {'type': 'invalid_request_error', 'message': 'Your credit balance is too low to access the Anthropic API. Please go to Plans & Billing to upgrade or purchase credits.'}, 'request_id': 'req_011Cczf4Zr8KxHwHsa57A1zG'}
[2026-07-13T20:05:08Z] classify_jobs: job error: Booz Allen Hamilton: Hands-On Cloud AWS Architect — Error code: 400 - {'type': 'error', 'error': {'type': 'invalid_request_error', 'message': 'Your credit balance is too low to access the Anthropic API. Please go to Plans & Billing to upgrade or purchase credits.'}, 'request_id': 'req_011Cczf51g9VWSUUcQDK13K6'}
[2026-07-13T20:05:14Z] classify_jobs: job error: Abbott: Warehouse Specialist — Error code: 400 - {'type': 'error', 'error': {'type': 'invalid_request_error', 'message': 'Your credit balance is too low to access the Anthropic API. Please go to Plans & Billing to upgrade or purchase credits.'}, 'request_id': 'req_011Cczf5T76WqmTjbw4ZWTyK'}
[2026-07-13T20:05:20Z] classify_jobs: job error: Abbott: Senior RF Engineer — Error code: 400 - {'type': 'error', 'error': {'type': 'invalid_request_error', 'message': 'Your credit balance is too low to access the Anthropic API. Please go to Plans & Billing to upgrade or purchase credits.'}, 'request_id': 'req_011Cczf5tiTuD3d1K5Und3vv'}
[2026-07-13T20:05:26Z] classify_jobs: job error: Abbott: Design Assurance Engineer II — Error code: 400 - {'type': 'error', 'error': {'type': 'invalid_request_error', 'message': 'Your credit balance is too low to access the Anthropic API. Please go to Plans & Billing to upgrade or purchase credits.'}, 'request_id': 'req_011Cczf6LPoh9n98689pCCX1'}
[2026-07-13T20:05:32Z] classify_jobs: job error: Abbott: Senior Operator — Error code: 400 - {'type': 'error', 'error': {'type': 'invalid_request_error', 'message': 'Your credit balance is too low to access the Anthropic API. Please go to Plans & Billing to upgrade or purchase credits.'}, 'request_id': 'req_011Cczf6n9c8UHmgy9S32Pjo'}
[2026-07-13T20:05:38Z] classify_jobs: job error: Abbott: Accounts Receivable Specialist — Error code: 400 - {'type': 'error', 'error': {'type': 'invalid_request_error', 'message': 'Your credit balance is too low to access the Anthropic API. Please go to Plans & Billing to upgrade or purchase credits.'}, 'request_id': 'req_011Cczf7DfmQ9BXoKr2EVZbD'}
[2026-07-13T20:05:44Z] classify_jobs: job error: Abbott: Operator I — Error code: 400 - {'type': 'error', 'error': {'type': 'invalid_request_error', 'message': 'Your credit balance is too low to access the Anthropic API. Please go to Plans & Billing to upgrade or purchase credits.'}, 'request_id': 'req_011Cczf7fQaFKfbPKyDCWVDe'}
[2026-07-13T20:05:50Z] classify_jobs: job error: Abbott: Spécialiste en procédures - Technologies de prise  — Error code: 400 - {'type': 'error', 'error': {'type': 'invalid_request_error', 'message': 'Your credit balance is too low to access the Anthropic API. Please go to Plans & Billing to upgrade or purchase credits.'}, 'request_id': 'req_011Cczf86zTjDyBQmPJUBeyb'}
[2026-07-13T20:05:56Z] classify_jobs: job error: Abbott: Senior Product Manager, Consumer — Error code: 400 - {'type': 'error', 'error': {'type': 'invalid_request_error', 'message': 'Your credit balance is too low to access the Anthropic API. Please go to Plans & Billing to upgrade or purchase credits.'}, 'request_id': 'req_011Cczf8Ydp9GwHrsfy8EWYB'}
[2026-07-13T20:06:02Z] classify_jobs: job error: Abbott: Operator I — Error code: 400 - {'type': 'error', 'error': {'type': 'invalid_request_error', 'message': 'Your credit balance is too low to access the Anthropic API. Please go to Plans & Billing to upgrade or purchase credits.'}, 'request_id': 'req_011Cczf8zYnqcmfCXgLPN8pU'}
[2026-07-13T20:06:08Z] classify_jobs: job error: Abbott: System Engineer — Error code: 400 - {'type': 'error', 'error': {'type': 'invalid_request_error', 'message': 'Your credit balance is too low to access the Anthropic API. Please go to Plans & Billing to upgrade or purchase credits.'}, 'request_id': 'req_011Cczf9SFs7PmJLU7eE2MQ7'}
[2026-07-13T20:06:14Z] classify_jobs: job error: Abbott: Specialist Regulatory Affairs — Error code: 400 - {'type': 'error', 'error': {'type': 'invalid_request_error', 'message': 'Your credit balance is too low to access the Anthropic API. Please go to Plans & Billing to upgrade or purchase credits.'}, 'request_id': 'req_011Cczf9scrLoh8kezbMToAz'}
[2026-07-13T20:06:20Z] classify_jobs: job error: Abbott: MitraClip Specialist I — Error code: 400 - {'type': 'error', 'error': {'type': 'invalid_request_error', 'message': 'Your credit balance is too low to access the Anthropic API. Please go to Plans & Billing to upgrade or purchase credits.'}, 'request_id': 'req_011CczfAKGCbnoUb6mUskXKm'}
[2026-07-13T20:06:26Z] classify_jobs: job error: Abbott: MitraClip Specialist I — Error code: 400 - {'type': 'error', 'error': {'type': 'invalid_request_error', 'message': 'Your credit balance is too low to access the Anthropic API. Please go to Plans & Billing to upgrade or purchase credits.'}, 'request_id': 'req_011CczfAktp1feiwZuW1Ne4S'}
[2026-07-13T20:06:32Z] classify_jobs: job error: Abbott: MitraClip Specialist I — Error code: 400 - {'type': 'error', 'error': {'type': 'invalid_request_error', 'message': 'Your credit balance is too low to access the Anthropic API. Please go to Plans & Billing to upgrade or purchase credits.'}, 'request_id': 'req_011CczfBDt2fkbacuoVqAKA1'}
[2026-07-13T20:06:38Z] classify_jobs: job error: Abbott: MitraClip Specialist I — Error code: 400 - {'type': 'error', 'error': {'type': 'invalid_request_error', 'message': 'Your credit balance is too low to access the Anthropic API. Please go to Plans & Billing to upgrade or purchase credits.'}, 'request_id': 'req_011CczfBeDFkWNp7SjZkkdmu'}
[2026-07-13T20:06:44Z] classify_jobs: job error: Abbott: MitraClip Specialist I — Error code: 400 - {'type': 'error', 'error': {'type': 'invalid_request_error', 'message': 'Your credit balance is too low to access the Anthropic API. Please go to Plans & Billing to upgrade or purchase credits.'}, 'request_id': 'req_011CczfC62Xh4Ge3DdyTBaQr'}
[2026-07-13T20:06:50Z] classify_jobs: job error: Abbott: Informatics Technical Specialist II (Houston or De — Error code: 400 - {'type': 'error', 'error': {'type': 'invalid_request_error', 'message': 'Your credit balance is too low to access the Anthropic API. Please go to Plans & Billing to upgrade or purchase credits.'}, 'request_id': 'req_011CczfCXWD9hqPCqQHJR7u9'}
[2026-07-13T20:06:56Z] classify_jobs: job error: Instacart: Customer Experience Rx Specialist — Error code: 400 - {'type': 'error', 'error': {'type': 'invalid_request_error', 'message': 'Your credit balance is too low to access the Anthropic API. Please go to Plans & Billing to upgrade or purchase credits.'}, 'request_id': 'req_011CczfCyC3cQoCzi42YkA4s'}
[2026-07-13T20:07:02Z] classify_jobs: job error: INSZoom: Marketing Operations Specialist — Error code: 400 - {'type': 'error', 'error': {'type': 'invalid_request_error', 'message': 'Your credit balance is too low to access the Anthropic API. Please go to Plans & Billing to upgrade or purchase credits.'}, 'request_id': 'req_011CczfDQr9HtG8PqdHKYqGZ'}
[2026-07-13T20:07:08Z] classify_jobs: job error: IonQ: Staff Design Quality Engineer - NPI — Error code: 400 - {'type': 'error', 'error': {'type': 'invalid_request_error', 'message': 'Your credit balance is too low to access the Anthropic API. Please go to Plans & Billing to upgrade or purchase credits.'}, 'request_id': 'req_011CczfDrWVL2k4yQc9iiexn'}
[2026-07-13T20:07:14Z] classify_jobs: job error: IonQ: Staff Flight Software Engineer — Error code: 400 - {'type': 'error', 'error': {'type': 'invalid_request_error', 'message': 'Your credit balance is too low to access the Anthropic API. Please go to Plans & Billing to upgrade or purchase credits.'}, 'request_id': 'req_011CczfEJ9LkVZCpASHyY1FN'}
[2026-07-13T20:07:20Z] classify_jobs: job error: Workday: Software Development Engineer - ML Ops (US Federal — Error code: 400 - {'type': 'error', 'error': {'type': 'invalid_request_error', 'message': 'Your credit balance is too low to access the Anthropic API. Please go to Plans & Billing to upgrade or purchase credits.'}, 'request_id': 'req_011CczfEjnCbeUu6G7eotiY3'}
[2026-07-13T20:07:26Z] classify_jobs: job error: iHeartMedia: Software Engineer — Error code: 400 - {'type': 'error', 'error': {'type': 'invalid_request_error', 'message': 'Your credit balance is too low to access the Anthropic API. Please go to Plans & Billing to upgrade or purchase credits.'}, 'request_id': 'req_011CczfFBRYwds2egrt2CGzv'}
[2026-07-13T20:07:32Z] classify_jobs: job error: iHeartMedia: Promotions Event Support (Part Time) — Error code: 400 - {'type': 'error', 'error': {'type': 'invalid_request_error', 'message': 'Your credit balance is too low to access the Anthropic API. Please go to Plans & Billing to upgrade or purchase credits.'}, 'request_id': 'req_011CczfFdBbn9a4YkoxrZVgF'}
[2026-07-13T20:07:38Z] classify_jobs: job error: Hubs: Press Brake Operator — Error code: 400 - {'type': 'error', 'error': {'type': 'invalid_request_error', 'message': 'Your credit balance is too low to access the Anthropic API. Please go to Plans & Billing to upgrade or purchase credits.'}, 'request_id': 'req_011CczfG4im7WacuvpySkpQp'}
[2026-07-13T20:07:45Z] classify_jobs: job error: Hubs: Quality Inspector — Error code: 400 - {'type': 'error', 'error': {'type': 'invalid_request_error', 'message': 'Your credit balance is too low to access the Anthropic API. Please go to Plans & Billing to upgrade or purchase credits.'}, 'request_id': 'req_011CczfGbKGEh1HjxN1ydF4v'}
[2026-07-13T20:07:50Z] classify_jobs: job error: Kikoff: Head of Growth Marketing — Error code: 400 - {'type': 'error', 'error': {'type': 'invalid_request_error', 'message': 'Your credit balance is too low to access the Anthropic API. Please go to Plans & Billing to upgrade or purchase credits.'}, 'request_id': 'req_011CczfGx4gi8sJKjak4MqcD'}
[2026-07-13T20:07:56Z] classify_jobs: job error: Kiln: Member Experience Associate — Error code: 400 - {'type': 'error', 'error': {'type': 'invalid_request_error', 'message': 'Your credit balance is too low to access the Anthropic API. Please go to Plans & Billing to upgrade or purchase credits.'}, 'request_id': 'req_011CczfHPpjrEtGTEifMwhkn'}
[2026-07-13T20:08:02Z] classify_jobs: job error: Kodiak Robotics: Vehicle Electrical Integration Technician — Error code: 400 - {'type': 'error', 'error': {'type': 'invalid_request_error', 'message': 'Your credit balance is too low to access the Anthropic API. Please go to Plans & Billing to upgrade or purchase credits.'}, 'request_id': 'req_011CczfHqN96Q5MpMgLtbmWP'}
[2026-07-13T20:08:08Z] classify_jobs: job error: Knewton: Product Manager - Scholar Gateway — Error code: 400 - {'type': 'error', 'error': {'type': 'invalid_request_error', 'message': 'Your credit balance is too low to access the Anthropic API. Please go to Plans & Billing to upgrade or purchase credits.'}, 'request_id': 'req_011CczfJH2V8YUDsrUsvxFY8'}
[2026-07-13T20:08:14Z] classify_jobs: job error: Airbus Helicopters: Senior Materials Specialist — Error code: 400 - {'type': 'error', 'error': {'type': 'invalid_request_error', 'message': 'Your credit balance is too low to access the Anthropic API. Please go to Plans & Billing to upgrade or purchase credits.'}, 'request_id': 'req_011CczfJir1VaHym3aLpaDj6'}
[2026-07-13T20:08:20Z] classify_jobs: job error: Airbus Helicopters: Analyste qualité / Quality analyst — Error code: 400 - {'type': 'error', 'error': {'type': 'invalid_request_error', 'message': 'Your credit balance is too low to access the Anthropic API. Please go to Plans & Billing to upgrade or purchase credits.'}, 'request_id': 'req_011CczfKAQtwpQbpiXVGEg8a'}
[2026-07-13T20:08:26Z] classify_jobs: job error: Airbus Helicopters: Contracts Officer (18 month Fixed Term Contract) — Error code: 400 - {'type': 'error', 'error': {'type': 'invalid_request_error', 'message': 'Your credit balance is too low to access the Anthropic API. Please go to Plans & Billing to upgrade or purchase credits.'}, 'request_id': 'req_011CczfKbyY1ZAXHzQpkigC4'}
[2026-07-13T20:08:32Z] classify_jobs: job error: Airbus Helicopters: Senior UAS Software Engineer — Error code: 400 - {'type': 'error', 'error': {'type': 'invalid_request_error', 'message': 'Your credit balance is too low to access the Anthropic API. Please go to Plans & Billing to upgrade or purchase credits.'}, 'request_id': 'req_011CczfL3ibV1rqPCjJg6Z9H'}
[2026-07-13T20:08:38Z] classify_jobs: job error: Airbus Helicopters: Skywise - Technical Lead - C# / .NET — Error code: 400 - {'type': 'error', 'error': {'type': 'invalid_request_error', 'message': 'Your credit balance is too low to access the Anthropic API. Please go to Plans & Billing to upgrade or purchase credits.'}, 'request_id': 'req_011CczfLVJik4Yt6aRTFQJUE'}
[2026-07-13T20:08:44Z] classify_jobs: job error: Loft Orbital: Senior Cloud Infrastructure Engineer — Error code: 400 - {'type': 'error', 'error': {'type': 'invalid_request_error', 'message': 'Your credit balance is too low to access the Anthropic API. Please go to Plans & Billing to upgrade or purchase credits.'}, 'request_id': 'req_011CczfLvvLuybwdrG7kF3if'}
[2026-07-13T20:08:50Z] classify_jobs: job error: Intel: Analog Circuit Design Engineer — Error code: 400 - {'type': 'error', 'error': {'type': 'invalid_request_error', 'message': 'Your credit balance is too low to access the Anthropic API. Please go to Plans & Billing to upgrade or purchase credits.'}, 'request_id': 'req_011CczfMNjN8XoCXTWFkTdjG'}
[2026-07-13T20:08:56Z] classify_jobs: job error: Intel: HBI Module Development Engineer — Error code: 400 - {'type': 'error', 'error': {'type': 'invalid_request_error', 'message': 'Your credit balance is too low to access the Anthropic API. Please go to Plans & Billing to upgrade or purchase credits.'}, 'request_id': 'req_011CczfMpkHnbnGnfGBx7kZM'}
[2026-07-13T20:09:02Z] classify_jobs: job error: Intel: Data Scientist — Error code: 400 - {'type': 'error', 'error': {'type': 'invalid_request_error', 'message': 'Your credit balance is too low to access the Anthropic API. Please go to Plans & Billing to upgrade or purchase credits.'}, 'request_id': 'req_011CczfNFwMwPM9ymPeg8dtt'}
[2026-07-13T20:09:08Z] classify_jobs: job error: Lytx: Senior Staff Software Engineer - Cloud Platform — Error code: 400 - {'type': 'error', 'error': {'type': 'invalid_request_error', 'message': 'Your credit balance is too low to access the Anthropic API. Please go to Plans & Billing to upgrade or purchase credits.'}, 'request_id': 'req_011CczfNhjPnqgjGtQbzA2SL'}
[2026-07-13T20:09:14Z] classify_jobs: job error: Lytx: LytxOne Lead Product Manager — Error code: 400 - {'type': 'error', 'error': {'type': 'invalid_request_error', 'message': 'Your credit balance is too low to access the Anthropic API. Please go to Plans & Billing to upgrade or purchase credits.'}, 'request_id': 'req_011CczfP9CqFDekcyxS9b2VG'}
[2026-07-13T20:09:20Z] classify_jobs: job error: May Mobility: Director, Autonomy Perception — Error code: 400 - {'type': 'error', 'error': {'type': 'invalid_request_error', 'message': 'Your credit balance is too low to access the Anthropic API. Please go to Plans & Billing to upgrade or purchase credits.'}, 'request_id': 'req_011CczfParRxGygtU8DRrARQ'}
[2026-07-13T20:09:26Z] classify_jobs: job error: Mercury: Organic Search Marketer - SEO/AEO — Error code: 400 - {'type': 'error', 'error': {'type': 'invalid_request_error', 'message': 'Your credit balance is too low to access the Anthropic API. Please go to Plans & Billing to upgrade or purchase credits.'}, 'request_id': 'req_011CczfQ34GPc5RC2488KNs1'}
[2026-07-13T20:09:32Z] classify_jobs: job error: Logitech: Lead Electrical Engineer — Error code: 400 - {'type': 'error', 'error': {'type': 'invalid_request_error', 'message': 'Your credit balance is too low to access the Anthropic API. Please go to Plans & Billing to upgrade or purchase credits.'}, 'request_id': 'req_011CczfQU9PKHFaupmZPqRp9'}
[2026-07-13T20:09:38Z] classify_jobs: job error: Middesk: Product Manager — Error code: 400 - {'type': 'error', 'error': {'type': 'invalid_request_error', 'message': 'Your credit balance is too low to access the Anthropic API. Please go to Plans & Billing to upgrade or purchase credits.'}, 'request_id': 'req_011CczfQupEDKx6n6LGaaqGk'}
[2026-07-13T20:09:44Z] classify_jobs: job error: Middesk: Growth Marketing Manager - Outbound — Error code: 400 - {'type': 'error', 'error': {'type': 'invalid_request_error', 'message': 'Your credit balance is too low to access the Anthropic API. Please go to Plans & Billing to upgrade or purchase credits.'}, 'request_id': 'req_011CczfRMWZCiEDwC1oX2E57'}
[2026-07-13T20:09:50Z] classify_jobs: job error: MongoDB: Senior Compensation Manager — Error code: 400 - {'type': 'error', 'error': {'type': 'invalid_request_error', 'message': 'Your credit balance is too low to access the Anthropic API. Please go to Plans & Billing to upgrade or purchase credits.'}, 'request_id': 'req_011CczfRoM4pKBEK7ikg8Es5'}
[2026-07-13T20:09:56Z] classify_jobs: job error: MongoDB: Senior Solutions Architect (Pre-Sales) — Error code: 400 - {'type': 'error', 'error': {'type': 'invalid_request_error', 'message': 'Your credit balance is too low to access the Anthropic API. Please go to Plans & Billing to upgrade or purchase credits.'}, 'request_id': 'req_011CczfSEknUG9v1xHZsYBn7'}
[2026-07-13T20:10:02Z] classify_jobs: job error: Merit Software: Machine Technician I FRI - SUN 5:30am - 5:30pm — Error code: 400 - {'type': 'error', 'error': {'type': 'invalid_request_error', 'message': 'Your credit balance is too low to access the Anthropic API. Please go to Plans & Billing to upgrade or purchase credits.'}, 'request_id': 'req_011CczfSgoh4HJ5yduq3mVfu'}
[2026-07-13T20:10:08Z] classify_jobs: job error: Motional: Staff Motion Planning Engineer - Trajectory Genera — Error code: 400 - {'type': 'error', 'error': {'type': 'invalid_request_error', 'message': 'Your credit balance is too low to access the Anthropic API. Please go to Plans & Billing to upgrade or purchase credits.'}, 'request_id': 'req_011CczfT8To4gXZ8gFZ8gdCu'}
[2026-07-13T20:10:14Z] classify_jobs: job error: Motional: Staff Motion Planning Engineer - Trajectory Genera — Error code: 400 - {'type': 'error', 'error': {'type': 'invalid_request_error', 'message': 'Your credit balance is too low to access the Anthropic API. Please go to Plans & Billing to upgrade or purchase credits.'}, 'request_id': 'req_011CczfTZrGY7Rj5DzGomuAv'}
[2026-07-13T20:10:20Z] classify_jobs: job error: Motional: Staff Motion Planning Engineer - Trajectory Genera — Error code: 400 - {'type': 'error', 'error': {'type': 'invalid_request_error', 'message': 'Your credit balance is too low to access the Anthropic API. Please go to Plans & Billing to upgrade or purchase credits.'}, 'request_id': 'req_011CczfU1Qf6JfYNmWEgfaCB'}
[2026-07-13T20:10:26Z] classify_jobs: job error: Natera: Accessioning Team Runner — Error code: 400 - {'type': 'error', 'error': {'type': 'invalid_request_error', 'message': 'Your credit balance is too low to access the Anthropic API. Please go to Plans & Billing to upgrade or purchase credits.'}, 'request_id': 'req_011CczfUTDC1gvYjWr3pSwKY'}
[2026-07-13T20:10:32Z] classify_jobs: job error: Natera: Patient Marketing Awareness Specialist-Temp — Error code: 400 - {'type': 'error', 'error': {'type': 'invalid_request_error', 'message': 'Your credit balance is too low to access the Anthropic API. Please go to Plans & Billing to upgrade or purchase credits.'}, 'request_id': 'req_011CczfUtmLK968aYbCHo277'}
[2026-07-13T20:10:38Z] classify_jobs: job error: Neighborly: Franchise Business Coach — Error code: 400 - {'type': 'error', 'error': {'type': 'invalid_request_error', 'message': 'Your credit balance is too low to access the Anthropic API. Please go to Plans & Billing to upgrade or purchase credits.'}, 'request_id': 'req_011CczfVLLDxa77ZxptPD5r2'}
[2026-07-13T20:10:44Z] classify_jobs: job error: Neighborly: Creative Director — Error code: 400 - {'type': 'error', 'error': {'type': 'invalid_request_error', 'message': 'Your credit balance is too low to access the Anthropic API. Please go to Plans & Billing to upgrade or purchase credits.'}, 'request_id': 'req_011CczfVn2JqFDg7oihYwCM8'}
[2026-07-13T20:10:50Z] classify_jobs: job error: IQVIA: Senior Site Contract Associate - IQVIA Biotech — Error code: 400 - {'type': 'error', 'error': {'type': 'invalid_request_error', 'message': 'Your credit balance is too low to access the Anthropic API. Please go to Plans & Billing to upgrade or purchase credits.'}, 'request_id': 'req_011CczfWDnbvfTsBqHzzM8rJ'}
[2026-07-13T20:10:56Z] classify_jobs: job error: IQVIA: eCOA Data Team Lead — Error code: 400 - {'type': 'error', 'error': {'type': 'invalid_request_error', 'message': 'Your credit balance is too low to access the Anthropic API. Please go to Plans & Billing to upgrade or purchase credits.'}, 'request_id': 'req_011CczfWfQy99T6rsyEZ9LpM'}
[2026-07-13T20:11:02Z] classify_jobs: job error: IQVIA: Project Analyst — Error code: 400 - {'type': 'error', 'error': {'type': 'invalid_request_error', 'message': 'Your credit balance is too low to access the Anthropic API. Please go to Plans & Billing to upgrade or purchase credits.'}, 'request_id': 'req_011CczfX6xsF68foA5DAyyqn'}
[2026-07-13T20:11:08Z] classify_jobs: job error: IQVIA: Consultant, Strategy/Life Sciences — Error code: 400 - {'type': 'error', 'error': {'type': 'invalid_request_error', 'message': 'Your credit balance is too low to access the Anthropic API. Please go to Plans & Billing to upgrade or purchase credits.'}, 'request_id': 'req_011CczfXYo8WHUfeY8bU8L8o'}
[2026-07-13T20:11:14Z] classify_jobs: job error: IQVIA: Clinical Project Management Director- Oncology — Error code: 400 - {'type': 'error', 'error': {'type': 'invalid_request_error', 'message': 'Your credit balance is too low to access the Anthropic API. Please go to Plans & Billing to upgrade or purchase credits.'}, 'request_id': 'req_011CczfXzKHygDirqH11KUSY'}
[2026-07-13T20:11:20Z] classify_jobs: job error: IQVIA: TMF Specialist — Error code: 400 - {'type': 'error', 'error': {'type': 'invalid_request_error', 'message': 'Your credit balance is too low to access the Anthropic API. Please go to Plans & Billing to upgrade or purchase credits.'}, 'request_id': 'req_011CczfYRw9wbyttmww63V9U'}
[2026-07-13T20:11:26Z] classify_jobs: job error: LexisNexis: Professional Support Lawyer — Error code: 400 - {'type': 'error', 'error': {'type': 'invalid_request_error', 'message': 'Your credit balance is too low to access the Anthropic API. Please go to Plans & Billing to upgrade or purchase credits.'}, 'request_id': 'req_011CczfYsZWtJTCzVCg9d81k'}
[2026-07-13T20:11:32Z] classify_jobs: job error: Okta: Solutions Engineer, Auth0 — Error code: 400 - {'type': 'error', 'error': {'type': 'invalid_request_error', 'message': 'Your credit balance is too low to access the Anthropic API. Please go to Plans & Billing to upgrade or purchase credits.'}, 'request_id': 'req_011CczfZKCd9qKKHj2xJ56pK'}
[2026-07-13T20:11:38Z] classify_jobs: job error: OpenAI: Software Engineer, Codex -Enterprise Controls — Error code: 400 - {'type': 'error', 'error': {'type': 'invalid_request_error', 'message': 'Your credit balance is too low to access the Anthropic API. Please go to Plans & Billing to upgrade or purchase credits.'}, 'request_id': 'req_011CczfZktD2bAxzeRFVaYxa'}
[2026-07-13T20:11:44Z] classify_jobs: job error: OpenAI: Product Engagement Manager, User Operations — Error code: 400 - {'type': 'error', 'error': {'type': 'invalid_request_error', 'message': 'Your credit balance is too low to access the Anthropic API. Please go to Plans & Billing to upgrade or purchase credits.'}, 'request_id': 'req_011CczfaCbmpJon2o9PYHb4m'}
[2026-07-13T20:11:50Z] classify_jobs: job error: OpenAI: Product Manager, Codex Security Controls & Partner — Error code: 400 - {'type': 'error', 'error': {'type': 'invalid_request_error', 'message': 'Your credit balance is too low to access the Anthropic API. Please go to Plans & Billing to upgrade or purchase credits.'}, 'request_id': 'req_011CczfaeAvC2VFbi3v1MR3Y'}
[2026-07-13T20:11:56Z] classify_jobs: job error: OpenAI: Software Engineer, Codex — User Activation — Error code: 400 - {'type': 'error', 'error': {'type': 'invalid_request_error', 'message': 'Your credit balance is too low to access the Anthropic API. Please go to Plans & Billing to upgrade or purchase credits.'}, 'request_id': 'req_011Cczfb5q1ffCJZiSZhv6LK'}
[2026-07-13T20:12:02Z] classify_jobs: job error: OpenAI: Integrated Marketing Manager — Error code: 400 - {'type': 'error', 'error': {'type': 'invalid_request_error', 'message': 'Your credit balance is too low to access the Anthropic API. Please go to Plans & Billing to upgrade or purchase credits.'}, 'request_id': 'req_011CczfbXU7d1Aw9e86bR5Zz'}
[2026-07-13T20:12:08Z] classify_jobs: job error: OpenAI: Product Engagement Specialist, User Operations — Error code: 400 - {'type': 'error', 'error': {'type': 'invalid_request_error', 'message': 'Your credit balance is too low to access the Anthropic API. Please go to Plans & Billing to upgrade or purchase credits.'}, 'request_id': 'req_011CczfbyJPFAUTHCqYZjabv'}
[2026-07-13T20:12:14Z] classify_jobs: job error: OpenAI: Product Manager, Cyber Defense and Blue Team — Error code: 400 - {'type': 'error', 'error': {'type': 'invalid_request_error', 'message': 'Your credit balance is too low to access the Anthropic API. Please go to Plans & Billing to upgrade or purchase credits.'}, 'request_id': 'req_011CczfcQn4bGTUAT1PfnAvZ'}
[2026-07-13T20:12:20Z] classify_jobs: job error: OpenX Technologies: SVP, Global Publisher Development — Error code: 400 - {'type': 'error', 'error': {'type': 'invalid_request_error', 'message': 'Your credit balance is too low to access the Anthropic API. Please go to Plans & Billing to upgrade or purchase credits.'}, 'request_id': 'req_011CczfcrSfFjMFfRV16dQzM'}
[2026-07-13T20:12:26Z] classify_jobs: job error: Palantir: Commercial Contracts Specialist — Error code: 400 - {'type': 'error', 'error': {'type': 'invalid_request_error', 'message': 'Your credit balance is too low to access the Anthropic API. Please go to Plans & Billing to upgrade or purchase credits.'}, 'request_id': 'req_011CczfdJ6GAGXEoDoNvXqJS'}
[2026-07-13T20:12:32Z] classify_jobs: job error: Palantir: Commercial Contracts Specialist — Error code: 400 - {'type': 'error', 'error': {'type': 'invalid_request_error', 'message': 'Your credit balance is too low to access the Anthropic API. Please go to Plans & Billing to upgrade or purchase credits.'}, 'request_id': 'req_011Cczfdjp5TYK4MWJoS53ip'}
[2026-07-13T20:12:38Z] classify_jobs: job error: Payscale: Manager, Account Management -  Mid Market (Manila) — Error code: 400 - {'type': 'error', 'error': {'type': 'invalid_request_error', 'message': 'Your credit balance is too low to access the Anthropic API. Please go to Plans & Billing to upgrade or purchase credits.'}, 'request_id': 'req_011CczfeCA6WXgbMUk6pkBiR'}
[2026-07-13T20:12:44Z] classify_jobs: job error: Pendo: Director, Field Marketing EMEA - French or German  — Error code: 400 - {'type': 'error', 'error': {'type': 'invalid_request_error', 'message': 'Your credit balance is too low to access the Anthropic API. Please go to Plans & Billing to upgrade or purchase credits.'}, 'request_id': 'req_011Cczfed4Yz8GczBRA5DPKG'}
[2026-07-13T20:12:50Z] classify_jobs: job error: Pax8: Global Business Partner 1 — Error code: 400 - {'type': 'error', 'error': {'type': 'invalid_request_error', 'message': 'Your credit balance is too low to access the Anthropic API. Please go to Plans & Billing to upgrade or purchase credits.'}, 'request_id': 'req_011Cczff56E5JUz49ZSir5rt'}
[2026-07-13T20:12:56Z] classify_jobs: job error: Ping Identity: Senior Staff Site Reliability Engineer — Error code: 400 - {'type': 'error', 'error': {'type': 'invalid_request_error', 'message': 'Your credit balance is too low to access the Anthropic API. Please go to Plans & Billing to upgrade or purchase credits.'}, 'request_id': 'req_011CczffWPVWQsb66cHJnYCF'}
[2026-07-13T20:13:02Z] classify_jobs: job error: Pinterest: Staff Machine Learning Engineer, Computer Vision — Error code: 400 - {'type': 'error', 'error': {'type': 'invalid_request_error', 'message': 'Your credit balance is too low to access the Anthropic API. Please go to Plans & Billing to upgrade or purchase credits.'}, 'request_id': 'req_011Cczffx3qRpk3mzaxy89Cv'}
[2026-07-13T20:13:08Z] classify_jobs: job error: Pipe17: LATAM E-Commerce Operations Analyst — Error code: 400 - {'type': 'error', 'error': {'type': 'invalid_request_error', 'message': 'Your credit balance is too low to access the Anthropic API. Please go to Plans & Billing to upgrade or purchase credits.'}, 'request_id': 'req_011CczfgPghSA8NYmZ61VNtn'}
[2026-07-13T20:13:14Z] classify_jobs: job error: Pontera: Event Marketing Manager — Error code: 400 - {'type': 'error', 'error': {'type': 'invalid_request_error', 'message': 'Your credit balance is too low to access the Anthropic API. Please go to Plans & Billing to upgrade or purchase credits.'}, 'request_id': 'req_011CczfgqNHMb5UGbVAAbGZw'}
[2026-07-13T20:13:20Z] classify_jobs: job error: PsiQuantum: Director, Investor Relations — Error code: 400 - {'type': 'error', 'error': {'type': 'invalid_request_error', 'message': 'Your credit balance is too low to access the Anthropic API. Please go to Plans & Billing to upgrade or purchase credits.'}, 'request_id': 'req_011CczfhGztdL5fUFC238F1V'}
[2026-07-13T20:13:26Z] classify_jobs: job error: PTC: Senior Manager, Global Partner Experience — Error code: 400 - {'type': 'error', 'error': {'type': 'invalid_request_error', 'message': 'Your credit balance is too low to access the Anthropic API. Please go to Plans & Billing to upgrade or purchase credits.'}, 'request_id': 'req_011CczfhifjHT1DZDhvZbDQy'}
[2026-07-13T20:13:32Z] classify_jobs: job error: PTC: Partner Program Specialist — Error code: 400 - {'type': 'error', 'error': {'type': 'invalid_request_error', 'message': 'Your credit balance is too low to access the Anthropic API. Please go to Plans & Billing to upgrade or purchase credits.'}, 'request_id': 'req_011CczfiAJ6SkHNjfyNJX8pu'}
[2026-07-13T20:13:38Z] classify_jobs: job error: Reddit: Staff Software Engineer, Client Architecture — Error code: 400 - {'type': 'error', 'error': {'type': 'invalid_request_error', 'message': 'Your credit balance is too low to access the Anthropic API. Please go to Plans & Billing to upgrade or purchase credits.'}, 'request_id': 'req_011CczfibvT8kwAARQ3aS2kh'}
[2026-07-13T20:13:44Z] classify_jobs: job error: Relativity Space: Senior Quality Engineer — Error code: 400 - {'type': 'error', 'error': {'type': 'invalid_request_error', 'message': 'Your credit balance is too low to access the Anthropic API. Please go to Plans & Billing to upgrade or purchase credits.'}, 'request_id': 'req_011Cczfj3bYfergBfKCZjAnV'}
[2026-07-13T20:13:50Z] classify_jobs: job error: Juniper Networks: AT&T SE Systems Engineering Director — Error code: 400 - {'type': 'error', 'error': {'type': 'invalid_request_error', 'message': 'Your credit balance is too low to access the Anthropic API. Please go to Plans & Billing to upgrade or purchase credits.'}, 'request_id': 'req_011CczfjVJNQj7oXBVZWkfDH'}
[2026-07-13T20:13:56Z] classify_jobs: job error: Roofstock: Construction Specialist (Temp) — Error code: 400 - {'type': 'error', 'error': {'type': 'invalid_request_error', 'message': 'Your credit balance is too low to access the Anthropic API. Please go to Plans & Billing to upgrade or purchase credits.'}, 'request_id': 'req_011CczfjvtkF4Y6gUPecURQi'}
[2026-07-13T20:14:02Z] classify_jobs: job error: Scale AI: Delivery Lead (Intelligence Community), Public Sec — Error code: 400 - {'type': 'error', 'error': {'type': 'invalid_request_error', 'message': 'Your credit balance is too low to access the Anthropic API. Please go to Plans & Billing to upgrade or purchase credits.'}, 'request_id': 'req_011CczfkP1smjrbpWJYwY5vp'}
[2026-07-13T20:14:08Z] classify_jobs: job error: Scout Motors: Analyst, Process Change and Verification — Error code: 400 - {'type': 'error', 'error': {'type': 'invalid_request_error', 'message': 'Your credit balance is too low to access the Anthropic API. Please go to Plans & Billing to upgrade or purchase credits.'}, 'request_id': 'req_011CczfkpFvG3DU8W49XPZbZ'}
[2026-07-13T20:14:14Z] classify_jobs: job error: Scout Motors: Communications Operations Specialist — Error code: 400 - {'type': 'error', 'error': {'type': 'invalid_request_error', 'message': 'Your credit balance is too low to access the Anthropic API. Please go to Plans & Billing to upgrade or purchase credits.'}, 'request_id': 'req_011CczfmGDNKbFCe89udTtrp'}
[2026-07-13T20:14:20Z] classify_jobs: job error: Scout Motors: Manager, Production-Assembly Finish — Error code: 400 - {'type': 'error', 'error': {'type': 'invalid_request_error', 'message': 'Your credit balance is too low to access the Anthropic API. Please go to Plans & Billing to upgrade or purchase credits.'}, 'request_id': 'req_011CczfmhYsKbM4Wkn8d81k7'}
[2026-07-13T20:14:26Z] classify_jobs: job error: Scout Motors: Sr Specialist, Parts Component Analysis and Part L — Error code: 400 - {'type': 'error', 'error': {'type': 'invalid_request_error', 'message': 'Your credit balance is too low to access the Anthropic API. Please go to Plans & Billing to upgrade or purchase credits.'}, 'request_id': 'req_011Cczfn9BUhXyr2Sc178FkW'}
[2026-07-13T20:14:32Z] classify_jobs: job error: Sierra: EMEA Communications — Error code: 400 - {'type': 'error', 'error': {'type': 'invalid_request_error', 'message': 'Your credit balance is too low to access the Anthropic API. Please go to Plans & Billing to upgrade or purchase credits.'}, 'request_id': 'req_011Cczfnas4xZ3Tc87Df9vh3'}
[2026-07-13T20:14:38Z] classify_jobs: job error: Sierra Space: EMEA Communications — Error code: 400 - {'type': 'error', 'error': {'type': 'invalid_request_error', 'message': 'Your credit balance is too low to access the Anthropic API. Please go to Plans & Billing to upgrade or purchase credits.'}, 'request_id': 'req_011Cczfo2TCZEtaxy3wTG8Ad'}
[2026-07-13T20:14:44Z] classify_jobs: job error: ServiceTitan: Quality Analyst — Error code: 400 - {'type': 'error', 'error': {'type': 'invalid_request_error', 'message': 'Your credit balance is too low to access the Anthropic API. Please go to Plans & Billing to upgrade or purchase credits.'}, 'request_id': 'req_011CczfoU8XpC16BCW3YMEwZ'}
[2026-07-13T20:14:50Z] classify_jobs: job error: ServiceTitan: Sales Development Manager — Error code: 400 - {'type': 'error', 'error': {'type': 'invalid_request_error', 'message': 'Your credit balance is too low to access the Anthropic API. Please go to Plans & Billing to upgrade or purchase credits.'}, 'request_id': 'req_011CczfovRLKoQ7CLeeLdcCc'}
[2026-07-13T20:14:56Z] classify_jobs: job error: Smartcat: AI Growth & SEO Marketing Manager — Error code: 400 - {'type': 'error', 'error': {'type': 'invalid_request_error', 'message': 'Your credit balance is too low to access the Anthropic API. Please go to Plans & Billing to upgrade or purchase credits.'}, 'request_id': 'req_011CczfpMUTkZH13o3Lo9dqp'}
[2026-07-13T20:15:02Z] classify_jobs: job error: Snowflake: Brand AI Architect — Error code: 400 - {'type': 'error', 'error': {'type': 'invalid_request_error', 'message': 'Your credit balance is too low to access the Anthropic API. Please go to Plans & Billing to upgrade or purchase credits.'}, 'request_id': 'req_011Cczfpo9oRfUDmajAmzMBK'}
[2026-07-13T20:15:08Z] classify_jobs: job error: Snowflake: Staff Product Manager - AI FDE — Error code: 400 - {'type': 'error', 'error': {'type': 'invalid_request_error', 'message': 'Your credit balance is too low to access the Anthropic API. Please go to Plans & Billing to upgrade or purchase credits.'}, 'request_id': 'req_011CczfqEottHNibby6ouj7K'}
[2026-07-13T20:15:15Z] classify_jobs: job error: SpaceX: Electrical Hardware Engineer, Satellites (Starlink — Error code: 400 - {'type': 'error', 'error': {'type': 'invalid_request_error', 'message': 'Your credit balance is too low to access the Anthropic API. Please go to Plans & Billing to upgrade or purchase credits.'}, 'request_id': 'req_011Cczfqitr9nnQ5BFMtGGww'}
[2026-07-13T20:15:20Z] classify_jobs: job error: SpaceX: Hardware Engineer - Electrical, Satellites (Starli — Error code: 400 - {'type': 'error', 'error': {'type': 'invalid_request_error', 'message': 'Your credit balance is too low to access the Anthropic API. Please go to Plans & Billing to upgrade or purchase credits.'}, 'request_id': 'req_011Cczfr83dRfALk4cf3aqMv'}
[2026-07-13T20:15:26Z] classify_jobs: job error: SpaceX: Sr. GNC Engineer (Starship) Controls  — Error code: 400 - {'type': 'error', 'error': {'type': 'invalid_request_error', 'message': 'Your credit balance is too low to access the Anthropic API. Please go to Plans & Billing to upgrade or purchase credits.'}, 'request_id': 'req_011CczfrZhESEEvjuctwCtiT'}
[2026-07-13T20:15:32Z] classify_jobs: job error: SpaceX: Sr. Operations Analyst (Starship Launch Hardware)  — Error code: 400 - {'type': 'error', 'error': {'type': 'invalid_request_error', 'message': 'Your credit balance is too low to access the Anthropic API. Please go to Plans & Billing to upgrade or purchase credits.'}, 'request_id': 'req_011Cczfs1NZxDuCkVYm5Xv6V'}
[2026-07-13T20:15:38Z] classify_jobs: job error: SpaceX: Sr. Power Systems Engineer (Starship)  — Error code: 400 - {'type': 'error', 'error': {'type': 'invalid_request_error', 'message': 'Your credit balance is too low to access the Anthropic API. Please go to Plans & Billing to upgrade or purchase credits.'}, 'request_id': 'req_011CczfsT1g9scu8MP83kegb'}
[2026-07-13T20:15:44Z] classify_jobs: job error: SpaceX: Sr. Wi-Fi Software Engineer (Starlink)  — Error code: 400 - {'type': 'error', 'error': {'type': 'invalid_request_error', 'message': 'Your credit balance is too low to access the Anthropic API. Please go to Plans & Billing to upgrade or purchase credits.'}, 'request_id': 'req_011CczfstgGcFBmirXxnjroc'}
[2026-07-13T20:15:50Z] classify_jobs: job error: SpaceX: Structures Technician (Machining) — Error code: 400 - {'type': 'error', 'error': {'type': 'invalid_request_error', 'message': 'Your credit balance is too low to access the Anthropic API. Please go to Plans & Billing to upgrade or purchase credits.'}, 'request_id': 'req_011CczftLK84maZwKiDuSwrZ'}
[2026-07-13T20:15:56Z] classify_jobs: job error: SpaceX: Talent Sourcer - Temporary — Error code: 400 - {'type': 'error', 'error': {'type': 'invalid_request_error', 'message': 'Your credit balance is too low to access the Anthropic API. Please go to Plans & Billing to upgrade or purchase credits.'}, 'request_id': 'req_011Cczftmwypzucs1ea3YboE'}
[2026-07-13T20:16:02Z] classify_jobs: job error: SpaceX: Talent Sourcer - Temporary — Error code: 400 - {'type': 'error', 'error': {'type': 'invalid_request_error', 'message': 'Your credit balance is too low to access the Anthropic API. Please go to Plans & Billing to upgrade or purchase credits.'}, 'request_id': 'req_011CczfuDcL2RhLR2RTn15t8'}
[2026-07-13T20:16:08Z] classify_jobs: job error: SpaceX: Talent Sourcer - Temporary — Error code: 400 - {'type': 'error', 'error': {'type': 'invalid_request_error', 'message': 'Your credit balance is too low to access the Anthropic API. Please go to Plans & Billing to upgrade or purchase credits.'}, 'request_id': 'req_011CczfufKtrsCrcnvPai2ge'}
[2026-07-13T20:16:14Z] classify_jobs: job error: SpaceX: Wi-Fi Software Engineer (Starlink) — Error code: 400 - {'type': 'error', 'error': {'type': 'invalid_request_error', 'message': 'Your credit balance is too low to access the Anthropic API. Please go to Plans & Billing to upgrade or purchase credits.'}, 'request_id': 'req_011Cczfv6uXrPecjVmBeJTRL'}
[2026-07-13T20:16:20Z] classify_jobs: job error: Standard Bots: Product Manager — Error code: 400 - {'type': 'error', 'error': {'type': 'invalid_request_error', 'message': 'Your credit balance is too low to access the Anthropic API. Please go to Plans & Billing to upgrade or purchase credits.'}, 'request_id': 'req_011CczfvYb7ZFvvUQBRMKz5X'}
[2026-07-13T20:16:26Z] classify_jobs: job error: Stord: Commerce Experience Lead — Error code: 400 - {'type': 'error', 'error': {'type': 'invalid_request_error', 'message': 'Your credit balance is too low to access the Anthropic API. Please go to Plans & Billing to upgrade or purchase credits.'}, 'request_id': 'req_011CczfvzFDFEsmtsCZqJ6aA'}
[2026-07-13T20:16:32Z] classify_jobs: job error: Otis: BANCO DE TALENTOS - TÉCNICO(A) RESIDENTE - MARÍLIA — Error code: 400 - {'type': 'error', 'error': {'type': 'invalid_request_error', 'message': 'Your credit balance is too low to access the Anthropic API. Please go to Plans & Billing to upgrade or purchase credits.'}, 'request_id': 'req_011CczfwRv4DsRsvBpeCyFVa'}
[2026-07-13T20:16:38Z] classify_jobs: job error: Otis: ONBOARDING SPECIALIST — Error code: 400 - {'type': 'error', 'error': {'type': 'invalid_request_error', 'message': 'Your credit balance is too low to access the Anthropic API. Please go to Plans & Billing to upgrade or purchase credits.'}, 'request_id': 'req_011CczfwsiLJF84EsNnoHvMo'}
[2026-07-13T20:16:44Z] classify_jobs: job error: Otis: Sr Associate, New Equipment Project Mgmt — Error code: 400 - {'type': 'error', 'error': {'type': 'invalid_request_error', 'message': 'Your credit balance is too low to access the Anthropic API. Please go to Plans & Billing to upgrade or purchase credits.'}, 'request_id': 'req_011CczfxKBGxdZTSbV2yi7Fu'}
[2026-07-13T20:16:50Z] classify_jobs: job error: Otis: RIPARATRICE/RIPARATORE ASCENSORISTA — Error code: 400 - {'type': 'error', 'error': {'type': 'invalid_request_error', 'message': 'Your credit balance is too low to access the Anthropic API. Please go to Plans & Billing to upgrade or purchase credits.'}, 'request_id': 'req_011CczfxmfEE4BkJhKthogcE'}
[2026-07-13T20:16:56Z] classify_jobs: job error: Talkdesk: AI Deployment Strategist, Solutions Engineer — Error code: 400 - {'type': 'error', 'error': {'type': 'invalid_request_error', 'message': 'Your credit balance is too low to access the Anthropic API. Please go to Plans & Billing to upgrade or purchase credits.'}, 'request_id': 'req_011CczfyDnc8uhwFLTxqb5Pe'}
[2026-07-13T20:17:02Z] classify_jobs: job error: Talkdesk: Associate Solution Engineer - Commercial — Error code: 400 - {'type': 'error', 'error': {'type': 'invalid_request_error', 'message': 'Your credit balance is too low to access the Anthropic API. Please go to Plans & Billing to upgrade or purchase credits.'}, 'request_id': 'req_011Cczfye9ZnfbhjfKKqvKvF'}
[2026-07-13T20:17:08Z] classify_jobs: job error: Samsung R&D: Field Safety Engineer — Error code: 400 - {'type': 'error', 'error': {'type': 'invalid_request_error', 'message': 'Your credit balance is too low to access the Anthropic API. Please go to Plans & Billing to upgrade or purchase credits.'}, 'request_id': 'req_011Cczfz5qQMeRbU1GeTMprB'}
[2026-07-13T20:17:14Z] classify_jobs: job error: Samsung R&D: General Traineeship Track Netherlands — Error code: 400 - {'type': 'error', 'error': {'type': 'invalid_request_error', 'message': 'Your credit balance is too low to access the Anthropic API. Please go to Plans & Billing to upgrade or purchase credits.'}, 'request_id': 'req_011CczfzXU1Q9fQztmkt9vCc'}
[2026-07-13T20:17:20Z] classify_jobs: job error: Teladoc Health: Growth Marketing Manager — Error code: 400 - {'type': 'error', 'error': {'type': 'invalid_request_error', 'message': 'Your credit balance is too low to access the Anthropic API. Please go to Plans & Billing to upgrade or purchase credits.'}, 'request_id': 'req_011Cczfzy5sn7EwfKdtsz7Hc'}
[2026-07-13T20:17:26Z] classify_jobs: job error: ThirdChannel: Visual Merchandising Rep - COACH — Error code: 400 - {'type': 'error', 'error': {'type': 'invalid_request_error', 'message': 'Your credit balance is too low to access the Anthropic API. Please go to Plans & Billing to upgrade or purchase credits.'}, 'request_id': 'req_011Cczg1QnhPadorygzHf24y'}
[2026-07-13T20:17:32Z] classify_jobs: job error: Thndr: Senior Security Engineer — Error code: 400 - {'type': 'error', 'error': {'type': 'invalid_request_error', 'message': 'Your credit balance is too low to access the Anthropic API. Please go to Plans & Billing to upgrade or purchase credits.'}, 'request_id': 'req_011Cczg1rYzccLZVZdNQ1tG3'}
[2026-07-13T20:17:38Z] classify_jobs: job error: Thumbtack: Senior Experience Researcher — Error code: 400 - {'type': 'error', 'error': {'type': 'invalid_request_error', 'message': 'Your credit balance is too low to access the Anthropic API. Please go to Plans & Billing to upgrade or purchase credits.'}, 'request_id': 'req_011Cczg2J3RYSVddoqXdxDN2'}
[2026-07-13T20:17:44Z] classify_jobs: job error: Thumbtack: Senior Experience Researcher — Error code: 400 - {'type': 'error', 'error': {'type': 'invalid_request_error', 'message': 'Your credit balance is too low to access the Anthropic API. Please go to Plans & Billing to upgrade or purchase credits.'}, 'request_id': 'req_011Cczg2jhGfNAMShAYCjuU9'}
[2026-07-13T20:17:50Z] classify_jobs: job error: Toast: Capital Servicing Specialist I — Error code: 400 - {'type': 'error', 'error': {'type': 'invalid_request_error', 'message': 'Your credit balance is too low to access the Anthropic API. Please go to Plans & Billing to upgrade or purchase credits.'}, 'request_id': 'req_011Cczg3BaWo17ByXAi1gXDE'}
[2026-07-13T20:17:56Z] classify_jobs: job error: JLL: Senior Property Associate — Error code: 400 - {'type': 'error', 'error': {'type': 'invalid_request_error', 'message': 'Your credit balance is too low to access the Anthropic API. Please go to Plans & Billing to upgrade or purchase credits.'}, 'request_id': 'req_011Cczg3d3x9ET3mcZmzVqQ2'}
[2026-07-13T20:18:02Z] classify_jobs: job error: JLL: Professional, Health, Safety, Security & Environme — Error code: 400 - {'type': 'error', 'error': {'type': 'invalid_request_error', 'message': 'Your credit balance is too low to access the Anthropic API. Please go to Plans & Billing to upgrade or purchase credits.'}, 'request_id': 'req_011Cczg44iHucKcoh5MPCm1N'}
[2026-07-13T20:18:08Z] classify_jobs: job error: JLL: Property Associate — Error code: 400 - {'type': 'error', 'error': {'type': 'invalid_request_error', 'message': 'Your credit balance is too low to access the Anthropic API. Please go to Plans & Billing to upgrade or purchase credits.'}, 'request_id': 'req_011Cczg4WRsDDtycoqnN2NJh'}
[2026-07-13T20:18:14Z] classify_jobs: job error: JLL: Automation Engineer — Error code: 400 - {'type': 'error', 'error': {'type': 'invalid_request_error', 'message': 'Your credit balance is too low to access the Anthropic API. Please go to Plans & Billing to upgrade or purchase credits.'}, 'request_id': 'req_011Cczg4wzzwFh8Lp3emdnjK'}
[2026-07-13T20:18:20Z] classify_jobs: job error: JLL: Site Leader — Error code: 400 - {'type': 'error', 'error': {'type': 'invalid_request_error', 'message': 'Your credit balance is too low to access the Anthropic API. Please go to Plans & Billing to upgrade or purchase credits.'}, 'request_id': 'req_011Cczg5Pm3mqhTdGC9zTYNe'}
[2026-07-13T20:18:26Z] classify_jobs: job error: JLL: General Manager — Error code: 400 - {'type': 'error', 'error': {'type': 'invalid_request_error', 'message': 'Your credit balance is too low to access the Anthropic API. Please go to Plans & Billing to upgrade or purchase credits.'}, 'request_id': 'req_011Cczg5qJTKQ9aDmiBYydaf'}
[2026-07-13T20:18:32Z] classify_jobs: job error: JLL: Apprentice India — Error code: 400 - {'type': 'error', 'error': {'type': 'invalid_request_error', 'message': 'Your credit balance is too low to access the Anthropic API. Please go to Plans & Billing to upgrade or purchase credits.'}, 'request_id': 'req_011Cczg6Gvp4qJKk2iFwoxyc'}
[2026-07-13T20:18:38Z] classify_jobs: job error: JLL: Property Associate — Error code: 400 - {'type': 'error', 'error': {'type': 'invalid_request_error', 'message': 'Your credit balance is too low to access the Anthropic API. Please go to Plans & Billing to upgrade or purchase credits.'}, 'request_id': 'req_011Cczg6ic9nk3CVwC43e63V'}
[2026-07-13T20:18:44Z] classify_jobs: job error: JLL: Apprentice India - Sales — Error code: 400 - {'type': 'error', 'error': {'type': 'invalid_request_error', 'message': 'Your credit balance is too low to access the Anthropic API. Please go to Plans & Billing to upgrade or purchase credits.'}, 'request_id': 'req_011Cczg7AFG29Xt9tBMJV63d'}
[2026-07-13T20:18:50Z] classify_jobs: job error: JLL: Técnico Mantenimiento Facilities — Error code: 400 - {'type': 'error', 'error': {'type': 'invalid_request_error', 'message': 'Your credit balance is too low to access the Anthropic API. Please go to Plans & Billing to upgrade or purchase credits.'}, 'request_id': 'req_011Cczg7bwak8gznk8qX1zqy'}
[2026-07-13T20:18:56Z] classify_jobs: job error: JLL: Manager, Design — Error code: 400 - {'type': 'error', 'error': {'type': 'invalid_request_error', 'message': 'Your credit balance is too low to access the Anthropic API. Please go to Plans & Billing to upgrade or purchase credits.'}, 'request_id': 'req_011Cczg83ZCtPcRPGfdAjjxV'}
[2026-07-13T20:19:02Z] classify_jobs: job error: JLL: Técnico Mantenimiento Facilities — Error code: 400 - {'type': 'error', 'error': {'type': 'invalid_request_error', 'message': 'Your credit balance is too low to access the Anthropic API. Please go to Plans & Billing to upgrade or purchase credits.'}, 'request_id': 'req_011Cczg8VBpAA9WXUfX3REQV'}
[2026-07-13T20:19:08Z] classify_jobs: job error: JLL: Mailroom Clerk — Error code: 400 - {'type': 'error', 'error': {'type': 'invalid_request_error', 'message': 'Your credit balance is too low to access the Anthropic API. Please go to Plans & Billing to upgrade or purchase credits.'}, 'request_id': 'req_011Cczg8w1psVYJd4daYtphM'}
[2026-07-13T20:19:14Z] classify_jobs: job error: JLL: Mech and Robotics Tech — Error code: 400 - {'type': 'error', 'error': {'type': 'invalid_request_error', 'message': 'Your credit balance is too low to access the Anthropic API. Please go to Plans & Billing to upgrade or purchase credits.'}, 'request_id': 'req_011Cczg9NXzLmZ3Za2uP6xUE'}
[2026-07-13T20:19:20Z] classify_jobs: job error: JLL: Técnico Mantenimiento Facilities — Error code: 400 - {'type': 'error', 'error': {'type': 'invalid_request_error', 'message': 'Your credit balance is too low to access the Anthropic API. Please go to Plans & Billing to upgrade or purchase credits.'}, 'request_id': 'req_011Cczg9pCawG4n5MiEezRMk'}
[2026-07-13T20:19:26Z] classify_jobs: job error: JLL: Senior Surveyor, Asset Management — Error code: 400 - {'type': 'error', 'error': {'type': 'invalid_request_error', 'message': 'Your credit balance is too low to access the Anthropic API. Please go to Plans & Billing to upgrade or purchase credits.'}, 'request_id': 'req_011CczgAFqh3XbPcPEPzjQiU'}
[2026-07-13T20:19:32Z] classify_jobs: job error: JLL: Técnico Mantenimiento Facilities CEDIS — Error code: 400 - {'type': 'error', 'error': {'type': 'invalid_request_error', 'message': 'Your credit balance is too low to access the Anthropic API. Please go to Plans & Billing to upgrade or purchase credits.'}, 'request_id': 'req_011CczgAhVYRXFU2pEq8tLeC'}
[2026-07-13T20:19:38Z] classify_jobs: job error: JLL: Professional, Technical — Error code: 400 - {'type': 'error', 'error': {'type': 'invalid_request_error', 'message': 'Your credit balance is too low to access the Anthropic API. Please go to Plans & Billing to upgrade or purchase credits.'}, 'request_id': 'req_011CczgB989kvC43CCK1xQxN'}
[2026-07-13T20:19:44Z] classify_jobs: job error: JLL: Mech and Robotics Tech — Error code: 400 - {'type': 'error', 'error': {'type': 'invalid_request_error', 'message': 'Your credit balance is too low to access the Anthropic API. Please go to Plans & Billing to upgrade or purchase credits.'}, 'request_id': 'req_011CczgBamFnJuZy9iabtCLA'}
[2026-07-13T20:19:50Z] classify_jobs: job error: JLL: General Manager — Error code: 400 - {'type': 'error', 'error': {'type': 'invalid_request_error', 'message': 'Your credit balance is too low to access the Anthropic API. Please go to Plans & Billing to upgrade or purchase credits.'}, 'request_id': 'req_011CczgC2UpfHJvRN7rpbRLo'}
[2026-07-13T20:19:56Z] classify_jobs: job error: JLL: Lead of Facilities Management Center — Error code: 400 - {'type': 'error', 'error': {'type': 'invalid_request_error', 'message': 'Your credit balance is too low to access the Anthropic API. Please go to Plans & Billing to upgrade or purchase credits.'}, 'request_id': 'req_011CczgCUSXn64HMmDKzkkgm'}
[2026-07-13T20:20:02Z] classify_jobs: job error: JLL: Building Manager (One Bangkok) — Error code: 400 - {'type': 'error', 'error': {'type': 'invalid_request_error', 'message': 'Your credit balance is too low to access the Anthropic API. Please go to Plans & Billing to upgrade or purchase credits.'}, 'request_id': 'req_011CczgCw5Qvu2JakLAm8XAD'}
[2026-07-13T20:20:08Z] classify_jobs: job error: JLL: Building Technician — Error code: 400 - {'type': 'error', 'error': {'type': 'invalid_request_error', 'message': 'Your credit balance is too low to access the Anthropic API. Please go to Plans & Billing to upgrade or purchase credits.'}, 'request_id': 'req_011CczgDMRNoEEKYCFeB5cCD'}
[2026-07-13T20:20:14Z] classify_jobs: job error: TRM Labs: Head of Cyber Missions — Error code: 400 - {'type': 'error', 'error': {'type': 'invalid_request_error', 'message': 'Your credit balance is too low to access the Anthropic API. Please go to Plans & Billing to upgrade or purchase credits.'}, 'request_id': 'req_011CczgDo3jmeJnLYNsNzDtY'}
[2026-07-13T20:20:20Z] classify_jobs: job error: Unanet: Senior Product Manager (GovCon ERP) — Error code: 400 - {'type': 'error', 'error': {'type': 'invalid_request_error', 'message': 'Your credit balance is too low to access the Anthropic API. Please go to Plans & Billing to upgrade or purchase credits.'}, 'request_id': 'req_011CczgEEgM9JcsXyd9ij5mL'}
[2026-07-13T20:20:26Z] classify_jobs: job error: Vannevar Labs: Engineering Manager, Decision Advantage — Error code: 400 - {'type': 'error', 'error': {'type': 'invalid_request_error', 'message': 'Your credit balance is too low to access the Anthropic API. Please go to Plans & Billing to upgrade or purchase credits.'}, 'request_id': 'req_011CczgEgMgrPT5cZoVZRga3'}
[2026-07-13T20:20:32Z] classify_jobs: job error: Teledyne: Quality Inspector — Error code: 400 - {'type': 'error', 'error': {'type': 'invalid_request_error', 'message': 'Your credit balance is too low to access the Anthropic API. Please go to Plans & Billing to upgrade or purchase credits.'}, 'request_id': 'req_011CczgF8P7NNDWS2k4yy3B6'}
[2026-07-13T20:20:38Z] classify_jobs: job error: Teledyne: Ingénieur/Scientifique -Gravure liquide — Error code: 400 - {'type': 'error', 'error': {'type': 'invalid_request_error', 'message': 'Your credit balance is too low to access the Anthropic API. Please go to Plans & Billing to upgrade or purchase credits.'}, 'request_id': 'req_011CczgFZe9bNDgqnLav84Jb'}
[2026-07-13T20:20:44Z] classify_jobs: job error: Teledyne: Sr. Technician — Error code: 400 - {'type': 'error', 'error': {'type': 'invalid_request_error', 'message': 'Your credit balance is too low to access the Anthropic API. Please go to Plans & Billing to upgrade or purchase credits.'}, 'request_id': 'req_011CczgG1LE7EPE8oYRS6WWc'}
[2026-07-13T20:20:50Z] classify_jobs: job error: Teledyne: Test Technician — Error code: 400 - {'type': 'error', 'error': {'type': 'invalid_request_error', 'message': 'Your credit balance is too low to access the Anthropic API. Please go to Plans & Billing to upgrade or purchase credits.'}, 'request_id': 'req_011CczgGTBjUunJb6djxC7Q8'}
[2026-07-13T20:20:56Z] classify_jobs: job error: Teledyne: Sales Administrator — Error code: 400 - {'type': 'error', 'error': {'type': 'invalid_request_error', 'message': 'Your credit balance is too low to access the Anthropic API. Please go to Plans & Billing to upgrade or purchase credits.'}, 'request_id': 'req_011CczgGteRmibRoEvgXAN8G'}
[2026-07-13T20:21:02Z] classify_jobs: job error: Trimble: PRM Platform Technical Admin — Error code: 400 - {'type': 'error', 'error': {'type': 'invalid_request_error', 'message': 'Your credit balance is too low to access the Anthropic API. Please go to Plans & Billing to upgrade or purchase credits.'}, 'request_id': 'req_011CczgHMc9ipnK13QjWAwAr'}
[2026-07-13T20:21:08Z] classify_jobs: job error: Waymo: Policy & Quality Specialist- ML Perception Data — Error code: 400 - {'type': 'error', 'error': {'type': 'invalid_request_error', 'message': 'Your credit balance is too low to access the Anthropic API. Please go to Plans & Billing to upgrade or purchase credits.'}, 'request_id': 'req_011CczgHmx7xznTzWxHVCZzd'}
[2026-07-13T20:21:14Z] classify_jobs: job error: Waymo: Senior Analyst - Deals Finance — Error code: 400 - {'type': 'error', 'error': {'type': 'invalid_request_error', 'message': 'Your credit balance is too low to access the Anthropic API. Please go to Plans & Billing to upgrade or purchase credits.'}, 'request_id': 'req_011CczgJDcxz7ojjczqxi8zx'}
[2026-07-13T20:21:20Z] classify_jobs: job error: Wealthsimple: Senior Software Developer, Book of Record (Leverag — Error code: 400 - {'type': 'error', 'error': {'type': 'invalid_request_error', 'message': 'Your credit balance is too low to access the Anthropic API. Please go to Plans & Billing to upgrade or purchase credits.'}, 'request_id': 'req_011CczgJfLnHRvEA6mw7gejg'}
[2026-07-13T20:21:26Z] classify_jobs: job error: WithCoverage: GTM Lead - Data Centers — Error code: 400 - {'type': 'error', 'error': {'type': 'invalid_request_error', 'message': 'Your credit balance is too low to access the Anthropic API. Please go to Plans & Billing to upgrade or purchase credits.'}, 'request_id': 'req_011CczgK6rwiTVUhG4KvZErD'}
[2026-07-13T20:21:33Z] classify_jobs: job error: Nvidia: Senior Solutions Architect, AI Infrastructure — Error code: 400 - {'type': 'error', 'error': {'type': 'invalid_request_error', 'message': 'Your credit balance is too low to access the Anthropic API. Please go to Plans & Billing to upgrade or purchase credits.'}, 'request_id': 'req_011CczgKYmg3wNWiXBDuwxnk'}
[2026-07-13T20:21:38Z] classify_jobs: job error: Nvidia: Senior Product Manager, Physical AI Robotics Data — Error code: 400 - {'type': 'error', 'error': {'type': 'invalid_request_error', 'message': 'Your credit balance is too low to access the Anthropic API. Please go to Plans & Billing to upgrade or purchase credits.'}, 'request_id': 'req_011CczgKzDNFsFtEJM37GKqc'}
[2026-07-13T20:21:44Z] classify_jobs: job error: Nvidia: Senior CPU Compiler Engineer - HPC — Error code: 400 - {'type': 'error', 'error': {'type': 'invalid_request_error', 'message': 'Your credit balance is too low to access the Anthropic API. Please go to Plans & Billing to upgrade or purchase credits.'}, 'request_id': 'req_011CczgLRryTGdrbEzALGANz'}
[2026-07-13T20:21:50Z] classify_jobs: job error: Nvidia: Backend Compiler Engineer — Error code: 400 - {'type': 'error', 'error': {'type': 'invalid_request_error', 'message': 'Your credit balance is too low to access the Anthropic API. Please go to Plans & Billing to upgrade or purchase credits.'}, 'request_id': 'req_011CczgLsYK2VCET4khXne9w'}
[2026-07-13T20:21:56Z] classify_jobs: job error: Zoox: AI Engineer – Enterprise, Data & AI — Error code: 400 - {'type': 'error', 'error': {'type': 'invalid_request_error', 'message': 'Your credit balance is too low to access the Anthropic API. Please go to Plans & Billing to upgrade or purchase credits.'}, 'request_id': 'req_011CczgMKYFCo6WKSBBKvBWC'}
[2026-07-13T20:22:02Z] classify_jobs: job error: ZoomInfo: Software Engineer III — Error code: 400 - {'type': 'error', 'error': {'type': 'invalid_request_error', 'message': 'Your credit balance is too low to access the Anthropic API. Please go to Plans & Billing to upgrade or purchase credits.'}, 'request_id': 'req_011CczgMkuUebLk8UuDz7oQT'}
[2026-07-13T20:22:08Z] classify_jobs: job error: Tapestry - Coach, Kate Spade, and Stuart Weitzman: Seasonal Stylist - Kate Spade Vineland Outlet Loca — Error code: 400 - {'type': 'error', 'error': {'type': 'invalid_request_error', 'message': 'Your credit balance is too low to access the Anthropic API. Please go to Plans & Billing to upgrade or purchase credits.'}, 'request_id': 'req_011CczgNCVN7AoMHEZCkfa7r'}
[2026-07-13T20:22:14Z] classify_jobs: job error: Toyota: Engineer - R&D — Error code: 400 - {'type': 'error', 'error': {'type': 'invalid_request_error', 'message': 'Your credit balance is too low to access the Anthropic API. Please go to Plans & Billing to upgrade or purchase credits.'}, 'request_id': 'req_011CczgNe8iQxUJ8qd6EuYJN'}
[2026-07-13T20:22:20Z] classify_jobs: job error: Toyota: Senior Manager - Fire Protection, Emergency Manage — Error code: 400 - {'type': 'error', 'error': {'type': 'invalid_request_error', 'message': 'Your credit balance is too low to access the Anthropic API. Please go to Plans & Billing to upgrade or purchase credits.'}, 'request_id': 'req_011CczgP5m5PRWdnwu6RNDUv'}
[2026-07-13T20:22:26Z] classify_jobs: job error: Epicor: Consulting Services Consultant | EDI — Error code: 400 - {'type': 'error', 'error': {'type': 'invalid_request_error', 'message': 'Your credit balance is too low to access the Anthropic API. Please go to Plans & Billing to upgrade or purchase credits.'}, 'request_id': 'req_011CczgPXSAVTbeEC2qNSSNg'}
[2026-07-13T20:22:32Z] classify_jobs: job error: Entrata: Insurance Sales Agent — Error code: 400 - {'type': 'error', 'error': {'type': 'invalid_request_error', 'message': 'Your credit balance is too low to access the Anthropic API. Please go to Plans & Billing to upgrade or purchase credits.'}, 'request_id': 'req_011CczgPyBidSfDk99dHhcLR'}
[2026-07-13T20:22:38Z] classify_jobs: job error: Xylem: General Manager, WI Transport, Custom Pump — Error code: 400 - {'type': 'error', 'error': {'type': 'invalid_request_error', 'message': 'Your credit balance is too low to access the Anthropic API. Please go to Plans & Billing to upgrade or purchase credits.'}, 'request_id': 'req_011CczgQQidQYiirf92rSawg'}
[2026-07-13T20:22:44Z] classify_jobs: job error: Xylem: Engineer Technician II — Error code: 400 - {'type': 'error', 'error': {'type': 'invalid_request_error', 'message': 'Your credit balance is too low to access the Anthropic API. Please go to Plans & Billing to upgrade or purchase credits.'}, 'request_id': 'req_011CczgQrPU5EGQsreasnX8X'}
[2026-07-13T20:22:50Z] classify_jobs: job error: Xylem: Sr. Director, Sales Vue — Error code: 400 - {'type': 'error', 'error': {'type': 'invalid_request_error', 'message': 'Your credit balance is too low to access the Anthropic API. Please go to Plans & Billing to upgrade or purchase credits.'}, 'request_id': 'req_011CczgRJ1q3jWvxSS12TXy1'}
[2026-07-13T20:22:56Z] classify_jobs: job error: T-Mobile: Account Expert, Business — Error code: 400 - {'type': 'error', 'error': {'type': 'invalid_request_error', 'message': 'Your credit balance is too low to access the Anthropic API. Please go to Plans & Billing to upgrade or purchase credits.'}, 'request_id': 'req_011CczgRjgAxiVhuucDL68zF'}
[2026-07-13T20:23:02Z] classify_jobs: job error: T-Mobile: Senior Mobile Expert — Error code: 400 - {'type': 'error', 'error': {'type': 'invalid_request_error', 'message': 'Your credit balance is too low to access the Anthropic API. Please go to Plans & Billing to upgrade or purchase credits.'}, 'request_id': 'req_011CczgSBVh5Wmu2Y2FLbrj9'}
[2026-07-13T20:23:08Z] classify_jobs: job error: T-Mobile: Sr Product Manager — Error code: 400 - {'type': 'error', 'error': {'type': 'invalid_request_error', 'message': 'Your credit balance is too low to access the Anthropic API. Please go to Plans & Billing to upgrade or purchase credits.'}, 'request_id': 'req_011CczgSd45rxTxbzM1PAZzY'}
[2026-07-13T20:23:14Z] classify_jobs: job error: T-Mobile: Technical Product Manager, Physical AI — Error code: 400 - {'type': 'error', 'error': {'type': 'invalid_request_error', 'message': 'Your credit balance is too low to access the Anthropic API. Please go to Plans & Billing to upgrade or purchase credits.'}, 'request_id': 'req_011CczgT4tr6m4jjZAJ8rhkt'}
[2026-07-13T20:23:20Z] classify_jobs: job error: Visa: Director, Cross Border Acceptance and Strategy — Error code: 400 - {'type': 'error', 'error': {'type': 'invalid_request_error', 'message': 'Your credit balance is too low to access the Anthropic API. Please go to Plans & Billing to upgrade or purchase credits.'}, 'request_id': 'req_011CczgTWHpRr4ZNcm7nGVuD'}
[2026-07-13T20:23:26Z] classify_jobs: job error: Visa: Vice President, Global People Solutions — Error code: 400 - {'type': 'error', 'error': {'type': 'invalid_request_error', 'message': 'Your credit balance is too low to access the Anthropic API. Please go to Plans & Billing to upgrade or purchase credits.'}, 'request_id': 'req_011CczgTxeLSWabA1CfBzdvH'}
[2026-07-13T20:23:32Z] classify_jobs: job error: Visa: Vice President, People Solutions — Error code: 400 - {'type': 'error', 'error': {'type': 'invalid_request_error', 'message': 'Your credit balance is too low to access the Anthropic API. Please go to Plans & Billing to upgrade or purchase credits.'}, 'request_id': 'req_011CczgUPfEa9MWLSS1nr7fT'}
[2026-07-13T20:23:38Z] classify_jobs: job error: Visa: Analyst, Applied AI Solutions — Error code: 400 - {'type': 'error', 'error': {'type': 'invalid_request_error', 'message': 'Your credit balance is too low to access the Anthropic API. Please go to Plans & Billing to upgrade or purchase credits.'}, 'request_id': 'req_011CczgUqRXy8ScH5FvsfqHG'}
[2026-07-13T20:23:44Z] classify_jobs: job error: Accenture: Fraud Investigation Assessment – Criminalistics St — Error code: 400 - {'type': 'error', 'error': {'type': 'invalid_request_error', 'message': 'Your credit balance is too low to access the Anthropic API. Please go to Plans & Billing to upgrade or purchase credits.'}, 'request_id': 'req_011CczgVGtiqbaStmrHm8b7Q'}
[2026-07-13T20:23:50Z] classify_jobs: job error: Accenture: SAP Functional / TM - O2M — Error code: 400 - {'type': 'error', 'error': {'type': 'invalid_request_error', 'message': 'Your credit balance is too low to access the Anthropic API. Please go to Plans & Billing to upgrade or purchase credits.'}, 'request_id': 'req_011CczgVituUUFWzopNKuXqc'}
[2026-07-13T20:23:56Z] classify_jobs: job error: Accenture: Solution Architect - CCaaS — Error code: 400 - {'type': 'error', 'error': {'type': 'invalid_request_error', 'message': 'Your credit balance is too low to access the Anthropic API. Please go to Plans & Billing to upgrade or purchase credits.'}, 'request_id': 'req_011CczgWACBA6yTnCQJQ9UrK'}
[2026-07-13T20:24:02Z] classify_jobs: job error: Accenture: Accounts Receivable, Billing & Cash Application An — Error code: 400 - {'type': 'error', 'error': {'type': 'invalid_request_error', 'message': 'Your credit balance is too low to access the Anthropic API. Please go to Plans & Billing to upgrade or purchase credits.'}, 'request_id': 'req_011CczgWbt17qchzPxZsk62H'}
[2026-07-13T20:24:08Z] classify_jobs: job error: Accenture: Strategy & Consulting - Global Network - PS - Publ — Error code: 400 - {'type': 'error', 'error': {'type': 'invalid_request_error', 'message': 'Your credit balance is too low to access the Anthropic API. Please go to Plans & Billing to upgrade or purchase credits.'}, 'request_id': 'req_011CczgX3XrQzjBKSYfTBeLp'}
[2026-07-13T20:24:14Z] classify_jobs: job error: Accenture: Partner Connection Management - Analyst — Error code: 400 - {'type': 'error', 'error': {'type': 'invalid_request_error', 'message': 'Your credit balance is too low to access the Anthropic API. Please go to Plans & Billing to upgrade or purchase credits.'}, 'request_id': 'req_011CczgXVKtRfZpVmhzLnSki'}
[2026-07-13T20:24:20Z] classify_jobs: job error: Accenture: Program/Project Management Representativ — Error code: 400 - {'type': 'error', 'error': {'type': 'invalid_request_error', 'message': 'Your credit balance is too low to access the Anthropic API. Please go to Plans & Billing to upgrade or purchase credits.'}, 'request_id': 'req_011CczgXvu2De74yGdJDuLpq'}
[2026-07-13T20:24:26Z] classify_jobs: job error: Accenture: Health and Safety Associate — Error code: 400 - {'type': 'error', 'error': {'type': 'invalid_request_error', 'message': 'Your credit balance is too low to access the Anthropic API. Please go to Plans & Billing to upgrade or purchase credits.'}, 'request_id': 'req_011CczgYNUAfPkLzWyeG93W9'}
[2026-07-13T20:24:32Z] classify_jobs: job error: Accenture: Custom Software Engineer — Error code: 400 - {'type': 'error', 'error': {'type': 'invalid_request_error', 'message': 'Your credit balance is too low to access the Anthropic API. Please go to Plans & Billing to upgrade or purchase credits.'}, 'request_id': 'req_011CczgYp9FhTjVPGzkQEVjK'}
[2026-07-13T20:24:38Z] classify_jobs: job error: Accenture: Custom Software Engineer — Error code: 400 - {'type': 'error', 'error': {'type': 'invalid_request_error', 'message': 'Your credit balance is too low to access the Anthropic API. Please go to Plans & Billing to upgrade or purchase credits.'}, 'request_id': 'req_011CczgZFmcp369sxDqc5hR8'}
[2026-07-13T20:24:44Z] classify_jobs: job error: Accenture: I&F Decision Sci Practitioner Sr Analyst — Error code: 400 - {'type': 'error', 'error': {'type': 'invalid_request_error', 'message': 'Your credit balance is too low to access the Anthropic API. Please go to Plans & Billing to upgrade or purchase credits.'}, 'request_id': 'req_011CczgZhZQ5KAet9H1Q6N6Z'}
[2026-07-13T20:24:50Z] classify_jobs: job error: Accenture: Recruiting Analyst — Error code: 400 - {'type': 'error', 'error': {'type': 'invalid_request_error', 'message': 'Your credit balance is too low to access the Anthropic API. Please go to Plans & Billing to upgrade or purchase credits.'}, 'request_id': 'req_011Cczga98YAFd6R4jEHoao8'}
[2026-07-13T20:24:56Z] classify_jobs: job error: Accenture: Custom Software Engineer — Error code: 400 - {'type': 'error', 'error': {'type': 'invalid_request_error', 'message': 'Your credit balance is too low to access the Anthropic API. Please go to Plans & Billing to upgrade or purchase credits.'}, 'request_id': 'req_011Cczgaav52GtV7j2DCS3FJ'}
[2026-07-13T20:25:02Z] classify_jobs: job error: Accenture: SAP Advisory Financial Services Consulting (all ge — Error code: 400 - {'type': 'error', 'error': {'type': 'invalid_request_error', 'message': 'Your credit balance is too low to access the Anthropic API. Please go to Plans & Billing to upgrade or purchase credits.'}, 'request_id': 'req_011Cczgb2Pktp7HJXcDcgaX4'}
[2026-07-13T20:25:08Z] classify_jobs: job error: Accenture: SAP Technology Delivery Lead (all genders) — Error code: 400 - {'type': 'error', 'error': {'type': 'invalid_request_error', 'message': 'Your credit balance is too low to access the Anthropic API. Please go to Plans & Billing to upgrade or purchase credits.'}, 'request_id': 'req_011CczgbU2rrDf1Y7SSjuHyc'}
[2026-07-13T20:25:14Z] classify_jobs: job error: Accenture: SAP Advisory HighTech / Communications Consultant  — Error code: 400 - {'type': 'error', 'error': {'type': 'invalid_request_error', 'message': 'Your credit balance is too low to access the Anthropic API. Please go to Plans & Billing to upgrade or purchase credits.'}, 'request_id': 'req_011CczgbwkEZ7VoFKkpDi2qX'}
[2026-07-13T20:25:20Z] classify_jobs: job error: Accenture: SAP Business Consultant Natural Resources (all gen — Error code: 400 - {'type': 'error', 'error': {'type': 'invalid_request_error', 'message': 'Your credit balance is too low to access the Anthropic API. Please go to Plans & Billing to upgrade or purchase credits.'}, 'request_id': 'req_011CczgcMQHQ1sPur7v3hbJX'}
[2026-07-13T20:25:26Z] classify_jobs: job error: Accenture: SAP Functional Director / Manager for Aerospace an — Error code: 400 - {'type': 'error', 'error': {'type': 'invalid_request_error', 'message': 'Your credit balance is too low to access the Anthropic API. Please go to Plans & Billing to upgrade or purchase credits.'}, 'request_id': 'req_011Cczgco3P99nEtetSVPCvF'}
[2026-07-13T20:25:32Z] classify_jobs: job error: Accenture: Intellera - Public Sector Policy & Funds Consultan — Error code: 400 - {'type': 'error', 'error': {'type': 'invalid_request_error', 'message': 'Your credit balance is too low to access the Anthropic API. Please go to Plans & Billing to upgrade or purchase credits.'}, 'request_id': 'req_011CczgdEfW7PVZnbh1ZVX5E'}
[2026-07-13T20:25:38Z] classify_jobs: job error: Accenture: Mailroom Clerk — Error code: 400 - {'type': 'error', 'error': {'type': 'invalid_request_error', 'message': 'Your credit balance is too low to access the Anthropic API. Please go to Plans & Billing to upgrade or purchase credits.'}, 'request_id': 'req_011CczgdgK6x9QCHx9afWDGn'}
[2026-07-13T20:25:44Z] classify_jobs: job error: Accenture: Assistente de Contas a Pagar - PCD — Error code: 400 - {'type': 'error', 'error': {'type': 'invalid_request_error', 'message': 'Your credit balance is too low to access the Anthropic API. Please go to Plans & Billing to upgrade or purchase credits.'}, 'request_id': 'req_011Cczge7yCKTTxUdFhsbou8'}
[2026-07-13T20:25:50Z] classify_jobs: job error: Accenture: Analista de Contas a Receber Júnior / Exclusiva PC — Error code: 400 - {'type': 'error', 'error': {'type': 'invalid_request_error', 'message': 'Your credit balance is too low to access the Anthropic API. Please go to Plans & Billing to upgrade or purchase credits.'}, 'request_id': 'req_011CczgeZd3YmeeYsuvg6bhm'}
[2026-07-13T20:25:56Z] classify_jobs: job error: Accenture: Wealth Management Consultant — Error code: 400 - {'type': 'error', 'error': {'type': 'invalid_request_error', 'message': 'Your credit balance is too low to access the Anthropic API. Please go to Plans & Billing to upgrade or purchase credits.'}, 'request_id': 'req_011Cczgf1gTLLozE3gHRjhks'}
[2026-07-13T20:26:02Z] classify_jobs: job error: Accenture: Consultor Sênior de Estrátegia Digital — Error code: 400 - {'type': 'error', 'error': {'type': 'invalid_request_error', 'message': 'Your credit balance is too low to access the Anthropic API. Please go to Plans & Billing to upgrade or purchase credits.'}, 'request_id': 'req_011CczgfSxUnYUY72zUC3K8m'}
[2026-07-13T20:26:09Z] classify_jobs: job error: Accenture: ICM Consultant-- Manager  Anaplan and Varicent — Error code: 400 - {'type': 'error', 'error': {'type': 'invalid_request_error', 'message': 'Your credit balance is too low to access the Anthropic API. Please go to Plans & Billing to upgrade or purchase credits.'}, 'request_id': 'req_011CczgfwnaQJjPYS11XAaWB'}
[2026-07-13T20:26:14Z] classify_jobs: job error: Accenture: Engenheiro de Dados Sênior / Databricks (Inglês av — Error code: 400 - {'type': 'error', 'error': {'type': 'invalid_request_error', 'message': 'Your credit balance is too low to access the Anthropic API. Please go to Plans & Billing to upgrade or purchase credits.'}, 'request_id': 'req_011CczggLRMrJn1V81TsSGXc'}
[2026-07-13T20:26:20Z] classify_jobs: job error: Accenture: Custom Software Engineer — Error code: 400 - {'type': 'error', 'error': {'type': 'invalid_request_error', 'message': 'Your credit balance is too low to access the Anthropic API. Please go to Plans & Billing to upgrade or purchase credits.'}, 'request_id': 'req_011Cczggo5ydkDJxUsFS5gRh'}
[2026-07-13T20:26:26Z] classify_jobs: job error: Accenture: Custom Software Engineer — Error code: 400 - {'type': 'error', 'error': {'type': 'invalid_request_error', 'message': 'Your credit balance is too low to access the Anthropic API. Please go to Plans & Billing to upgrade or purchase credits.'}, 'request_id': 'req_011CczghDbs9yKZ2uZ7592qi'}
[2026-07-13T20:26:32Z] classify_jobs: job error: Accenture: Analista de Cibersegurança - SOC N1 — Error code: 400 - {'type': 'error', 'error': {'type': 'invalid_request_error', 'message': 'Your credit balance is too low to access the Anthropic API. Please go to Plans & Billing to upgrade or purchase credits.'}, 'request_id': 'req_011CczghfEDzuKeEPHq5z5Q1'}
[2026-07-13T20:26:38Z] classify_jobs: job error: Accenture: Application Support Engineer — Error code: 400 - {'type': 'error', 'error': {'type': 'invalid_request_error', 'message': 'Your credit balance is too low to access the Anthropic API. Please go to Plans & Billing to upgrade or purchase credits.'}, 'request_id': 'req_011Cczgi6prSpvfB7LDPnxh2'}
[2026-07-13T20:26:44Z] classify_jobs: job error: Accenture: Application Support Engineer — Error code: 400 - {'type': 'error', 'error': {'type': 'invalid_request_error', 'message': 'Your credit balance is too low to access the Anthropic API. Please go to Plans & Billing to upgrade or purchase credits.'}, 'request_id': 'req_011CczgiYfrqqMM57GZU1ZGH'}
[2026-07-13T20:26:50Z] classify_jobs: job error: Accenture: Packaged/SaaS Application Engineer — Error code: 400 - {'type': 'error', 'error': {'type': 'invalid_request_error', 'message': 'Your credit balance is too low to access the Anthropic API. Please go to Plans & Billing to upgrade or purchase credits.'}, 'request_id': 'req_011CczgizAnPCB2UxW9kJgRM'}
[2026-07-13T20:26:56Z] classify_jobs: job error: Accenture: Senior Manager | Sales Reinvention | Insurance — Error code: 400 - {'type': 'error', 'error': {'type': 'invalid_request_error', 'message': 'Your credit balance is too low to access the Anthropic API. Please go to Plans & Billing to upgrade or purchase credits.'}, 'request_id': 'req_011CczgjSGft9eyWf5y6jABa'}
[2026-07-13T20:27:02Z] classify_jobs: job error: Accenture: Custom Software Engineer — Error code: 400 - {'type': 'error', 'error': {'type': 'invalid_request_error', 'message': 'Your credit balance is too low to access the Anthropic API. Please go to Plans & Billing to upgrade or purchase credits.'}, 'request_id': 'req_011CczgjtYiqeaNqojVN5SL2'}
[2026-07-13T20:27:08Z] classify_jobs: job error: Accenture: Custom Software Engineer — Error code: 400 - {'type': 'error', 'error': {'type': 'invalid_request_error', 'message': 'Your credit balance is too low to access the Anthropic API. Please go to Plans & Billing to upgrade or purchase credits.'}, 'request_id': 'req_011CczgkKGGUrQyL2mGh5j6k'}
[2026-07-13T20:27:14Z] classify_jobs: job error: Accenture: Web Developer — Error code: 400 - {'type': 'error', 'error': {'type': 'invalid_request_error', 'message': 'Your credit balance is too low to access the Anthropic API. Please go to Plans & Billing to upgrade or purchase credits.'}, 'request_id': 'req_011CczgkmvPTa2hAMm9a45E2'}
[2026-07-13T20:27:20Z] classify_jobs: job error: Accenture: Custom Software Engineer — Error code: 400 - {'type': 'error', 'error': {'type': 'invalid_request_error', 'message': 'Your credit balance is too low to access the Anthropic API. Please go to Plans & Billing to upgrade or purchase credits.'}, 'request_id': 'req_011CczgmCPo98bcvdDvch7rZ'}
[2026-07-13T20:27:26Z] classify_jobs: job error: Accenture: Custom Software Engineer — Error code: 400 - {'type': 'error', 'error': {'type': 'invalid_request_error', 'message': 'Your credit balance is too low to access the Anthropic API. Please go to Plans & Billing to upgrade or purchase credits.'}, 'request_id': 'req_011CczgmeCa8iUafxv7MbS6v'}
[2026-07-13T20:27:32Z] classify_jobs: job error: Accenture: Custom Software Engineer — Error code: 400 - {'type': 'error', 'error': {'type': 'invalid_request_error', 'message': 'Your credit balance is too low to access the Anthropic API. Please go to Plans & Billing to upgrade or purchase credits.'}, 'request_id': 'req_011Cczgn5tAKCABqQqDNByY2'}
[2026-07-13T20:27:38Z] classify_jobs: job error: Accenture: Custom Software Engineer — Error code: 400 - {'type': 'error', 'error': {'type': 'invalid_request_error', 'message': 'Your credit balance is too low to access the Anthropic API. Please go to Plans & Billing to upgrade or purchase credits.'}, 'request_id': 'req_011CczgnXYFnj1C32kXQUbeD'}
[2026-07-13T20:27:44Z] classify_jobs: job error: Accenture: Custom Software Engineer — Error code: 400 - {'type': 'error', 'error': {'type': 'invalid_request_error', 'message': 'Your credit balance is too low to access the Anthropic API. Please go to Plans & Billing to upgrade or purchase credits.'}, 'request_id': 'req_011CczgnyJZ9TPPfCAH7R6qd'}
[2026-07-13T20:27:50Z] classify_jobs: job error: Accenture: Packaged/SaaS Application Engineer — Error code: 400 - {'type': 'error', 'error': {'type': 'invalid_request_error', 'message': 'Your credit balance is too low to access the Anthropic API. Please go to Plans & Billing to upgrade or purchase credits.'}, 'request_id': 'req_011CczgoQiGVWNjrHGcDFCDh'}
[2026-07-13T20:27:56Z] classify_jobs: job error: Accenture: Custom Software Engineer — Error code: 400 - {'type': 'error', 'error': {'type': 'invalid_request_error', 'message': 'Your credit balance is too low to access the Anthropic API. Please go to Plans & Billing to upgrade or purchase credits.'}, 'request_id': 'req_011CczgorKdzGWGNH9EXHqU5'}
[2026-07-13T20:28:02Z] classify_jobs: job error: Accenture: Application Support Engineer — Error code: 400 - {'type': 'error', 'error': {'type': 'invalid_request_error', 'message': 'Your credit balance is too low to access the Anthropic API. Please go to Plans & Billing to upgrade or purchase credits.'}, 'request_id': 'req_011CczgpJt49z2XY3WXWG6qf'}
[2026-07-13T20:28:08Z] classify_jobs: job error: Accenture: Application Support Engineer — Error code: 400 - {'type': 'error', 'error': {'type': 'invalid_request_error', 'message': 'Your credit balance is too low to access the Anthropic API. Please go to Plans & Billing to upgrade or purchase credits.'}, 'request_id': 'req_011CczgpjgZZCaqxHaUFjVq9'}
[2026-07-13T20:28:14Z] classify_jobs: job error: Accenture: Custom Software Engineer — Error code: 400 - {'type': 'error', 'error': {'type': 'invalid_request_error', 'message': 'Your credit balance is too low to access the Anthropic API. Please go to Plans & Billing to upgrade or purchase credits.'}, 'request_id': 'req_011CczgqBJvUiaWZEhAfWRF4'}
[2026-07-13T20:28:20Z] classify_jobs: job error: Accenture: Data Platform Engineer — Error code: 400 - {'type': 'error', 'error': {'type': 'invalid_request_error', 'message': 'Your credit balance is too low to access the Anthropic API. Please go to Plans & Billing to upgrade or purchase credits.'}, 'request_id': 'req_011CczgqdEPnXQHs5pTTMVLQ'}
[2026-07-13T20:28:26Z] classify_jobs: job error: Accenture: Quality Engineer — Error code: 400 - {'type': 'error', 'error': {'type': 'invalid_request_error', 'message': 'Your credit balance is too low to access the Anthropic API. Please go to Plans & Billing to upgrade or purchase credits.'}, 'request_id': 'req_011Cczgr4cNdt1jhUGN1LmRU'}
[2026-07-13T20:28:32Z] classify_jobs: job error: Accenture: Web Developer — Error code: 400 - {'type': 'error', 'error': {'type': 'invalid_request_error', 'message': 'Your credit balance is too low to access the Anthropic API. Please go to Plans & Billing to upgrade or purchase credits.'}, 'request_id': 'req_011CczgrWEjRD3gwYaQiCYsi'}
[2026-07-13T20:28:38Z] classify_jobs: job error: Accenture: Custom Software Engineer — Error code: 400 - {'type': 'error', 'error': {'type': 'invalid_request_error', 'message': 'Your credit balance is too low to access the Anthropic API. Please go to Plans & Billing to upgrade or purchase credits.'}, 'request_id': 'req_011CczgrwuLD4BmhSeHfAYLy'}
[2026-07-13T20:28:44Z] classify_jobs: job error: Accenture: Custom Software Engineer — Error code: 400 - {'type': 'error', 'error': {'type': 'invalid_request_error', 'message': 'Your credit balance is too low to access the Anthropic API. Please go to Plans & Billing to upgrade or purchase credits.'}, 'request_id': 'req_011CczgsPaff6wykREcXmj8y'}
[2026-07-13T20:28:50Z] classify_jobs: job error: Accenture: Web Developer — Error code: 400 - {'type': 'error', 'error': {'type': 'invalid_request_error', 'message': 'Your credit balance is too low to access the Anthropic API. Please go to Plans & Billing to upgrade or purchase credits.'}, 'request_id': 'req_011CczgsqDXAMLc91hbt3J7J'}
[2026-07-13T20:28:56Z] classify_jobs: job error: Accenture: Web Developer — Error code: 400 - {'type': 'error', 'error': {'type': 'invalid_request_error', 'message': 'Your credit balance is too low to access the Anthropic API. Please go to Plans & Billing to upgrade or purchase credits.'}, 'request_id': 'req_011CczgtGwLd6Sg2njWNfQja'}
[2026-07-13T20:29:02Z] classify_jobs: job error: Accenture: Web Developer — Error code: 400 - {'type': 'error', 'error': {'type': 'invalid_request_error', 'message': 'Your credit balance is too low to access the Anthropic API. Please go to Plans & Billing to upgrade or purchase credits.'}, 'request_id': 'req_011CczgtiXUNoo4AqS56s28d'}
[2026-07-13T20:29:08Z] classify_jobs: job error: Accenture: Web Developer — Error code: 400 - {'type': 'error', 'error': {'type': 'invalid_request_error', 'message': 'Your credit balance is too low to access the Anthropic API. Please go to Plans & Billing to upgrade or purchase credits.'}, 'request_id': 'req_011CczguA9ayX7JhK8iCK1BE'}
[2026-07-13T20:29:14Z] classify_jobs: job error: Accenture: Web Developer — Error code: 400 - {'type': 'error', 'error': {'type': 'invalid_request_error', 'message': 'Your credit balance is too low to access the Anthropic API. Please go to Plans & Billing to upgrade or purchase credits.'}, 'request_id': 'req_011CczgubteMuB88Jq4tYhnb'}
[2026-07-13T20:29:20Z] classify_jobs: job error: Accenture: Custom Software Engineer — Error code: 400 - {'type': 'error', 'error': {'type': 'invalid_request_error', 'message': 'Your credit balance is too low to access the Anthropic API. Please go to Plans & Billing to upgrade or purchase credits.'}, 'request_id': 'req_011Cczgv3WkvoocYa55usw4B'}
[2026-07-13T20:29:26Z] classify_jobs: job error: Accenture: Business Advisory Associate — Error code: 400 - {'type': 'error', 'error': {'type': 'invalid_request_error', 'message': 'Your credit balance is too low to access the Anthropic API. Please go to Plans & Billing to upgrade or purchase credits.'}, 'request_id': 'req_011CczgvV8d6iC1Wyvzdfvco'}
[2026-07-13T20:29:32Z] classify_jobs: job error: Accenture: Business Interlock Analyst — Error code: 400 - {'type': 'error', 'error': {'type': 'invalid_request_error', 'message': 'Your credit balance is too low to access the Anthropic API. Please go to Plans & Billing to upgrade or purchase credits.'}, 'request_id': 'req_011CczgvvnxzzR6yyQaWgWvL'}
[2026-07-13T20:29:38Z] classify_jobs: job error: Accenture: Customer Service Associate — Error code: 400 - {'type': 'error', 'error': {'type': 'invalid_request_error', 'message': 'Your credit balance is too low to access the Anthropic API. Please go to Plans & Billing to upgrade or purchase credits.'}, 'request_id': 'req_011CczgwNVYZiCoKeYjtg4Un'}
[2026-07-13T20:29:44Z] classify_jobs: job error: Accenture: Quality Auditing Analyst — Error code: 400 - {'type': 'error', 'error': {'type': 'invalid_request_error', 'message': 'Your credit balance is too low to access the Anthropic API. Please go to Plans & Billing to upgrade or purchase credits.'}, 'request_id': 'req_011CczgwpTF5GmeTPEuoQVbK'}
[2026-07-13T20:29:50Z] classify_jobs: job error: Accenture: Record to Report Ops New Associate — Error code: 400 - {'type': 'error', 'error': {'type': 'invalid_request_error', 'message': 'Your credit balance is too low to access the Anthropic API. Please go to Plans & Billing to upgrade or purchase credits.'}, 'request_id': 'req_011CczgxFri9kihzakgGcCj8'}
[2026-07-13T20:29:56Z] classify_jobs: job error: Accenture: Application Support Engineer — Error code: 400 - {'type': 'error', 'error': {'type': 'invalid_request_error', 'message': 'Your credit balance is too low to access the Anthropic API. Please go to Plans & Billing to upgrade or purchase credits.'}, 'request_id': 'req_011CczgxhQNFkGq3j7tdZTrz'}
[2026-07-13T20:30:02Z] classify_jobs: job error: Accenture: Application Support Engineer — Error code: 400 - {'type': 'error', 'error': {'type': 'invalid_request_error', 'message': 'Your credit balance is too low to access the Anthropic API. Please go to Plans & Billing to upgrade or purchase credits.'}, 'request_id': 'req_011Cczgy9H7JK5qkx5hr1TzM'}
[2026-07-13T20:30:08Z] classify_jobs: job error: Accenture: Application Support Engineer — Error code: 400 - {'type': 'error', 'error': {'type': 'invalid_request_error', 'message': 'Your credit balance is too low to access the Anthropic API. Please go to Plans & Billing to upgrade or purchase credits.'}, 'request_id': 'req_011CczgyahKcYCEfAaYzwB9K'}
[2026-07-13T20:30:14Z] classify_jobs: job error: Accenture: Application Support Engineer — Error code: 400 - {'type': 'error', 'error': {'type': 'invalid_request_error', 'message': 'Your credit balance is too low to access the Anthropic API. Please go to Plans & Billing to upgrade or purchase credits.'}, 'request_id': 'req_011Cczgz2aZUry9ke4oLaG6L'}
[2026-07-13T20:30:20Z] classify_jobs: job error: Accenture: Custom Software Engineer — Error code: 400 - {'type': 'error', 'error': {'type': 'invalid_request_error', 'message': 'Your credit balance is too low to access the Anthropic API. Please go to Plans & Billing to upgrade or purchase credits.'}, 'request_id': 'req_011CczgzU8hrQFiutLVX8CMg'}
[2026-07-13T20:30:26Z] classify_jobs: job error: Accenture: Data Platform Engineer — Error code: 400 - {'type': 'error', 'error': {'type': 'invalid_request_error', 'message': 'Your credit balance is too low to access the Anthropic API. Please go to Plans & Billing to upgrade or purchase credits.'}, 'request_id': 'req_011Cczgzum4eoH6wMhwoLFtZ'}
[2026-07-13T20:30:32Z] classify_jobs: job error: Accenture: Custom Software Engineer — Error code: 400 - {'type': 'error', 'error': {'type': 'invalid_request_error', 'message': 'Your credit balance is too low to access the Anthropic API. Please go to Plans & Billing to upgrade or purchase credits.'}, 'request_id': 'req_011Cczh1MKxavxGArdoP992S'}
[2026-07-13T20:30:38Z] classify_jobs: job error: Accenture: Data Engineer — Error code: 400 - {'type': 'error', 'error': {'type': 'invalid_request_error', 'message': 'Your credit balance is too low to access the Anthropic API. Please go to Plans & Billing to upgrade or purchase credits.'}, 'request_id': 'req_011Cczh1nyK2HuS1qUkw7yDa'}
[2026-07-13T20:30:44Z] classify_jobs: job error: Accenture: LLM Model Developer — Error code: 400 - {'type': 'error', 'error': {'type': 'invalid_request_error', 'message': 'Your credit balance is too low to access the Anthropic API. Please go to Plans & Billing to upgrade or purchase credits.'}, 'request_id': 'req_011Cczh2G4UpRS3U1n4kHyu6'}
[2026-07-13T20:30:50Z] classify_jobs: job error: Accenture: Large Language Model Architect — Error code: 400 - {'type': 'error', 'error': {'type': 'invalid_request_error', 'message': 'Your credit balance is too low to access the Anthropic API. Please go to Plans & Billing to upgrade or purchase credits.'}, 'request_id': 'req_011Cczh2gKyugy8VLWBDvVT3'}
[2026-07-13T20:30:56Z] classify_jobs: job error: Accenture: Performance Engineer — Error code: 400 - {'type': 'error', 'error': {'type': 'invalid_request_error', 'message': 'Your credit balance is too low to access the Anthropic API. Please go to Plans & Billing to upgrade or purchase credits.'}, 'request_id': 'req_011Cczh39VNPPryu58MR35ou'}
[2026-07-13T20:31:02Z] classify_jobs: job error: Accenture: ^Custom Software Engineer - 6380864 — Error code: 400 - {'type': 'error', 'error': {'type': 'invalid_request_error', 'message': 'Your credit balance is too low to access the Anthropic API. Please go to Plans & Billing to upgrade or purchase credits.'}, 'request_id': 'req_011Cczh3ZgQyL7Kq9mKiaxHB'}
[2026-07-13T20:31:08Z] classify_jobs: job error: Accenture: Custom Software Engineer — Error code: 400 - {'type': 'error', 'error': {'type': 'invalid_request_error', 'message': 'Your credit balance is too low to access the Anthropic API. Please go to Plans & Billing to upgrade or purchase credits.'}, 'request_id': 'req_011Cczh41E4f2SYY7Jaa5YJJ'}
[2026-07-13T20:31:14Z] classify_jobs: job error: Accenture: Custom Software Engineer — Error code: 400 - {'type': 'error', 'error': {'type': 'invalid_request_error', 'message': 'Your credit balance is too low to access the Anthropic API. Please go to Plans & Billing to upgrade or purchase credits.'}, 'request_id': 'req_011Cczh4SuQ9nRQ6MKiwXSwp'}
[2026-07-13T20:31:20Z] classify_jobs: job error: Accenture: Data Engineer — Error code: 400 - {'type': 'error', 'error': {'type': 'invalid_request_error', 'message': 'Your credit balance is too low to access the Anthropic API. Please go to Plans & Billing to upgrade or purchase credits.'}, 'request_id': 'req_011Cczh4taEj5fVwcwa9gAXj'}
[2026-07-13T20:31:26Z] classify_jobs: job error: Accenture: Custom Software Engineer — Error code: 400 - {'type': 'error', 'error': {'type': 'invalid_request_error', 'message': 'Your credit balance is too low to access the Anthropic API. Please go to Plans & Billing to upgrade or purchase credits.'}, 'request_id': 'req_011Cczh5MC8QvSCuAt8KvtaM'}
[2026-07-13T20:31:32Z] classify_jobs: job error: Accenture: Data Engineer — Error code: 400 - {'type': 'error', 'error': {'type': 'invalid_request_error', 'message': 'Your credit balance is too low to access the Anthropic API. Please go to Plans & Billing to upgrade or purchase credits.'}, 'request_id': 'req_011Cczh5mrhcArMRZskpP5ZJ'}
[2026-07-13T20:31:38Z] classify_jobs: job error: Accenture: Data Engineer — Error code: 400 - {'type': 'error', 'error': {'type': 'invalid_request_error', 'message': 'Your credit balance is too low to access the Anthropic API. Please go to Plans & Billing to upgrade or purchase credits.'}, 'request_id': 'req_011Cczh6DsdVZgY84EnnsDdP'}
[2026-07-13T20:31:44Z] classify_jobs: job error: Accenture: Data Engineer — Error code: 400 - {'type': 'error', 'error': {'type': 'invalid_request_error', 'message': 'Your credit balance is too low to access the Anthropic API. Please go to Plans & Billing to upgrade or purchase credits.'}, 'request_id': 'req_011Cczh6fC8f565jy5iwnQ3h'}
[2026-07-13T20:31:50Z] classify_jobs: job error: Accenture: Data Engineer — Error code: 400 - {'type': 'error', 'error': {'type': 'invalid_request_error', 'message': 'Your credit balance is too low to access the Anthropic API. Please go to Plans & Billing to upgrade or purchase credits.'}, 'request_id': 'req_011Cczh77YQLdZu3eqVKHnbS'}
[2026-07-13T20:31:56Z] classify_jobs: job error: Accenture: Technical Project Engineer — Error code: 400 - {'type': 'error', 'error': {'type': 'invalid_request_error', 'message': 'Your credit balance is too low to access the Anthropic API. Please go to Plans & Billing to upgrade or purchase credits.'}, 'request_id': 'req_011Cczh7YTbxJ1mY3MZjdmEW'}
[2026-07-13T20:32:02Z] classify_jobs: job error: Accenture: Custom Software Engineer — Error code: 400 - {'type': 'error', 'error': {'type': 'invalid_request_error', 'message': 'Your credit balance is too low to access the Anthropic API. Please go to Plans & Billing to upgrade or purchase credits.'}, 'request_id': 'req_011Cczh7z7wihyT5oCPUaqug'}
[2026-07-13T20:32:08Z] classify_jobs: job error: Accenture: Asociado de Operaciones de Banca | Banking Process — Error code: 400 - {'type': 'error', 'error': {'type': 'invalid_request_error', 'message': 'Your credit balance is too low to access the Anthropic API. Please go to Plans & Billing to upgrade or purchase credits.'}, 'request_id': 'req_011Cczh8Ro3A3Nv9GtHfhHag'}
[2026-07-13T20:32:14Z] classify_jobs: job error: Accenture: Chef de projet support offre aéronautique F/H — Error code: 400 - {'type': 'error', 'error': {'type': 'invalid_request_error', 'message': 'Your credit balance is too low to access the Anthropic API. Please go to Plans & Billing to upgrade or purchase credits.'}, 'request_id': 'req_011Cczh8sQuLN4wBAVtkk2aD'}
[2026-07-13T20:32:20Z] classify_jobs: job error: Accenture: Custom Software Engineer — Error code: 400 - {'type': 'error', 'error': {'type': 'invalid_request_error', 'message': 'Your credit balance is too low to access the Anthropic API. Please go to Plans & Billing to upgrade or purchase credits.'}, 'request_id': 'req_011Cczh9K9TbLvDKyBkPusar'}
[2026-07-13T20:32:26Z] classify_jobs: job error: Accenture: Custom Software Engineer — Error code: 400 - {'type': 'error', 'error': {'type': 'invalid_request_error', 'message': 'Your credit balance is too low to access the Anthropic API. Please go to Plans & Billing to upgrade or purchase credits.'}, 'request_id': 'req_011Cczh9kr3VNiRo4H8V17sa'}
[2026-07-13T20:32:32Z] classify_jobs: job error: Accenture: Custom Software Engineer — Error code: 400 - {'type': 'error', 'error': {'type': 'invalid_request_error', 'message': 'Your credit balance is too low to access the Anthropic API. Please go to Plans & Billing to upgrade or purchase credits.'}, 'request_id': 'req_011CczhACRBQyWPW1qDqCR3x'}
[2026-07-13T20:32:38Z] classify_jobs: job error: Accenture: Custom Software Engineer — Error code: 400 - {'type': 'error', 'error': {'type': 'invalid_request_error', 'message': 'Your credit balance is too low to access the Anthropic API. Please go to Plans & Billing to upgrade or purchase credits.'}, 'request_id': 'req_011CczhAe61tEfHQJ8YGUbAA'}
[2026-07-13T20:32:44Z] classify_jobs: job error: Accenture: Custom Software Engineer — Error code: 400 - {'type': 'error', 'error': {'type': 'invalid_request_error', 'message': 'Your credit balance is too low to access the Anthropic API. Please go to Plans & Billing to upgrade or purchase credits.'}, 'request_id': 'req_011CczhB5gQ6vXJQgP6RoUrW'}
[2026-07-13T20:32:50Z] classify_jobs: job error: Accenture: Custom Software Engineer — Error code: 400 - {'type': 'error', 'error': {'type': 'invalid_request_error', 'message': 'Your credit balance is too low to access the Anthropic API. Please go to Plans & Billing to upgrade or purchase credits.'}, 'request_id': 'req_011CczhBXLk2jEyTkCAqfD41'}
[2026-07-13T20:32:56Z] classify_jobs: job error: Accenture: Custom Software Engineer — Error code: 400 - {'type': 'error', 'error': {'type': 'invalid_request_error', 'message': 'Your credit balance is too low to access the Anthropic API. Please go to Plans & Billing to upgrade or purchase credits.'}, 'request_id': 'req_011CczhBy3a1MexCiogSn8Aq'}
[2026-07-13T20:33:02Z] classify_jobs: job error: Accenture: Custom Software Engineer — Error code: 400 - {'type': 'error', 'error': {'type': 'invalid_request_error', 'message': 'Your credit balance is too low to access the Anthropic API. Please go to Plans & Billing to upgrade or purchase credits.'}, 'request_id': 'req_011CczhCQp7ZeaAFXPZX4gzM'}
[2026-07-13T20:33:08Z] classify_jobs: job error: Accenture: AI / ML Engineer — Error code: 400 - {'type': 'error', 'error': {'type': 'invalid_request_error', 'message': 'Your credit balance is too low to access the Anthropic API. Please go to Plans & Billing to upgrade or purchase credits.'}, 'request_id': 'req_011CczhCrRV8f9PyuY2gEWmN'}
[2026-07-13T20:33:14Z] classify_jobs: job error: Accenture: Technology Consulting Practitioner — Error code: 400 - {'type': 'error', 'error': {'type': 'invalid_request_error', 'message': 'Your credit balance is too low to access the Anthropic API. Please go to Plans & Billing to upgrade or purchase credits.'}, 'request_id': 'req_011CczhDHwQ6gj1WKPmujnbK'}
[2026-07-13T20:33:20Z] classify_jobs: job error: Accenture: Custom Software Engineer — Error code: 400 - {'type': 'error', 'error': {'type': 'invalid_request_error', 'message': 'Your credit balance is too low to access the Anthropic API. Please go to Plans & Billing to upgrade or purchase credits.'}, 'request_id': 'req_011CczhDjcEYQYayctLoYgZJ'}
[2026-07-13T20:33:26Z] classify_jobs: job error: Accenture: Custom Software Engineer — Error code: 400 - {'type': 'error', 'error': {'type': 'invalid_request_error', 'message': 'Your credit balance is too low to access the Anthropic API. Please go to Plans & Billing to upgrade or purchase credits.'}, 'request_id': 'req_011CczhEBKoqknxmXQXL2y5g'}
[2026-07-13T20:33:32Z] classify_jobs: job error: Accenture: Custom Software Engineer — Error code: 400 - {'type': 'error', 'error': {'type': 'invalid_request_error', 'message': 'Your credit balance is too low to access the Anthropic API. Please go to Plans & Billing to upgrade or purchase credits.'}, 'request_id': 'req_011CczhEcvRs3uHzWQgzjej6'}
[2026-07-13T20:33:38Z] classify_jobs: job error: Accenture: Packaged/SaaS Application Engineer — Error code: 400 - {'type': 'error', 'error': {'type': 'invalid_request_error', 'message': 'Your credit balance is too low to access the Anthropic API. Please go to Plans & Billing to upgrade or purchase credits.'}, 'request_id': 'req_011CczhF4ZHyCgTZxXA8fcwU'}
[2026-07-13T20:33:44Z] classify_jobs: job error: Accenture: Custom Software Engineer — Error code: 400 - {'type': 'error', 'error': {'type': 'invalid_request_error', 'message': 'Your credit balance is too low to access the Anthropic API. Please go to Plans & Billing to upgrade or purchase credits.'}, 'request_id': 'req_011CczhFWDdkrJ1VBdDw7czM'}
[2026-07-13T20:33:50Z] classify_jobs: job error: Accenture: Custom Software Engineer — Error code: 400 - {'type': 'error', 'error': {'type': 'invalid_request_error', 'message': 'Your credit balance is too low to access the Anthropic API. Please go to Plans & Billing to upgrade or purchase credits.'}, 'request_id': 'req_011CczhFxCq88boEvQ7mFKAX'}
[2026-07-13T20:33:56Z] classify_jobs: job error: Accenture: Custom Software Engineer — Error code: 400 - {'type': 'error', 'error': {'type': 'invalid_request_error', 'message': 'Your credit balance is too low to access the Anthropic API. Please go to Plans & Billing to upgrade or purchase credits.'}, 'request_id': 'req_011CczhGPa4RHYkxXJG6kqYz'}
[2026-07-13T20:34:02Z] classify_jobs: job error: Accenture: Custom Software Engineer — Error code: 400 - {'type': 'error', 'error': {'type': 'invalid_request_error', 'message': 'Your credit balance is too low to access the Anthropic API. Please go to Plans & Billing to upgrade or purchase credits.'}, 'request_id': 'req_011CczhGrrPg71PMdCy52juR'}
[2026-07-13T20:34:08Z] classify_jobs: job error: Accenture: Custom Software Engineer — Error code: 400 - {'type': 'error', 'error': {'type': 'invalid_request_error', 'message': 'Your credit balance is too low to access the Anthropic API. Please go to Plans & Billing to upgrade or purchase credits.'}, 'request_id': 'req_011CczhHH8tLntHUDFPCfFLo'}
[2026-07-13T20:34:14Z] classify_jobs: job error: Accenture: Custom Software Engineer — Error code: 400 - {'type': 'error', 'error': {'type': 'invalid_request_error', 'message': 'Your credit balance is too low to access the Anthropic API. Please go to Plans & Billing to upgrade or purchase credits.'}, 'request_id': 'req_011CczhHiX7dtNGvmawf8nnp'}
[2026-07-13T20:34:20Z] classify_jobs: job error: Accenture: Custom Software Engineer — Error code: 400 - {'type': 'error', 'error': {'type': 'invalid_request_error', 'message': 'Your credit balance is too low to access the Anthropic API. Please go to Plans & Billing to upgrade or purchase credits.'}, 'request_id': 'req_011CczhJABTn1r4MXEsTM8sC'}
[2026-07-13T20:34:26Z] classify_jobs: job error: Accenture: Quality Engineer — Error code: 400 - {'type': 'error', 'error': {'type': 'invalid_request_error', 'message': 'Your credit balance is too low to access the Anthropic API. Please go to Plans & Billing to upgrade or purchase credits.'}, 'request_id': 'req_011CczhJbyzMf2piWrzbak81'}
[2026-07-13T20:34:32Z] classify_jobs: job error: Accenture: Workplace Management Practitioner — Error code: 400 - {'type': 'error', 'error': {'type': 'invalid_request_error', 'message': 'Your credit balance is too low to access the Anthropic API. Please go to Plans & Billing to upgrade or purchase credits.'}, 'request_id': 'req_011CczhK3Vf6jX4C2JHrjbo9'}
[2026-07-13T20:34:38Z] classify_jobs: job error: Accenture: Workplace Management Practitioner — Error code: 400 - {'type': 'error', 'error': {'type': 'invalid_request_error', 'message': 'Your credit balance is too low to access the Anthropic API. Please go to Plans & Billing to upgrade or purchase credits.'}, 'request_id': 'req_011CczhKVETmijbrKYFENzmF'}
[2026-07-13T20:34:44Z] classify_jobs: job error: Accenture: Custom Software Engineer — Error code: 400 - {'type': 'error', 'error': {'type': 'invalid_request_error', 'message': 'Your credit balance is too low to access the Anthropic API. Please go to Plans & Billing to upgrade or purchase credits.'}, 'request_id': 'req_011CczhKvmcpFonLwdwoQHx8'}
[2026-07-13T20:34:50Z] classify_jobs: job error: Accenture: Custom Software Engineer — Error code: 400 - {'type': 'error', 'error': {'type': 'invalid_request_error', 'message': 'Your credit balance is too low to access the Anthropic API. Please go to Plans & Billing to upgrade or purchase credits.'}, 'request_id': 'req_011CczhLNskcKmZPwDWEVsnv'}
[2026-07-13T20:34:56Z] classify_jobs: job error: Accenture: Custom Software Engineer — Error code: 400 - {'type': 'error', 'error': {'type': 'invalid_request_error', 'message': 'Your credit balance is too low to access the Anthropic API. Please go to Plans & Billing to upgrade or purchase credits.'}, 'request_id': 'req_011CczhLpCkyHKL4V4A7cbBr'}
[2026-07-13T20:35:02Z] classify_jobs: job error: Accenture: Custom Software Engineer — Error code: 400 - {'type': 'error', 'error': {'type': 'invalid_request_error', 'message': 'Your credit balance is too low to access the Anthropic API. Please go to Plans & Billing to upgrade or purchase credits.'}, 'request_id': 'req_011CczhMFo8jyQALHmZq9hnk'}
[2026-07-13T20:35:08Z] classify_jobs: job error: Accenture: Custom Software Engineer — Error code: 400 - {'type': 'error', 'error': {'type': 'invalid_request_error', 'message': 'Your credit balance is too low to access the Anthropic API. Please go to Plans & Billing to upgrade or purchase credits.'}, 'request_id': 'req_011CczhMhLnFHA2vtoDn9iHZ'}
[2026-07-13T20:35:14Z] classify_jobs: job error: Accenture: Custom Software Engineer — Error code: 400 - {'type': 'error', 'error': {'type': 'invalid_request_error', 'message': 'Your credit balance is too low to access the Anthropic API. Please go to Plans & Billing to upgrade or purchase credits.'}, 'request_id': 'req_011CczhN98KZkak9vSxPZWB7'}
[2026-07-13T20:35:20Z] classify_jobs: job error: Accenture: Packaged/SaaS Application Engineer — Error code: 400 - {'type': 'error', 'error': {'type': 'invalid_request_error', 'message': 'Your credit balance is too low to access the Anthropic API. Please go to Plans & Billing to upgrade or purchase credits.'}, 'request_id': 'req_011CczhNapQHQAHoFdbwupyy'}
[2026-07-13T20:35:26Z] classify_jobs: job error: Accenture: Packaged/SaaS Application Engineer — Error code: 400 - {'type': 'error', 'error': {'type': 'invalid_request_error', 'message': 'Your credit balance is too low to access the Anthropic API. Please go to Plans & Billing to upgrade or purchase credits.'}, 'request_id': 'req_011CczhP2NJSHXe7rG9KkUL8'}
[2026-07-13T20:35:32Z] classify_jobs: job error: Accenture: Custom Software Engineer — Error code: 400 - {'type': 'error', 'error': {'type': 'invalid_request_error', 'message': 'Your credit balance is too low to access the Anthropic API. Please go to Plans & Billing to upgrade or purchase credits.'}, 'request_id': 'req_011CczhPU1eqYcDrvbU1LVMu'}
[2026-07-13T20:35:38Z] classify_jobs: job error: Accenture: Custom Software Engineer — Error code: 400 - {'type': 'error', 'error': {'type': 'invalid_request_error', 'message': 'Your credit balance is too low to access the Anthropic API. Please go to Plans & Billing to upgrade or purchase credits.'}, 'request_id': 'req_011CczhPujDvxzKn6uywLoqp'}
[2026-07-13T20:35:44Z] classify_jobs: job error: Accenture: Custom Software Engineer — Error code: 400 - {'type': 'error', 'error': {'type': 'invalid_request_error', 'message': 'Your credit balance is too low to access the Anthropic API. Please go to Plans & Billing to upgrade or purchase credits.'}, 'request_id': 'req_011CczhQMK6ui2ZGCx24AX4C'}
[2026-07-13T20:35:50Z] classify_jobs: job error: Accenture: Custom Software Engineering Lead — Error code: 400 - {'type': 'error', 'error': {'type': 'invalid_request_error', 'message': 'Your credit balance is too low to access the Anthropic API. Please go to Plans & Billing to upgrade or purchase credits.'}, 'request_id': 'req_011CczhQnwiYhsUT9pG9cFtL'}
[2026-07-13T20:35:56Z] classify_jobs: job error: Accenture: Custom Software Engineer — Error code: 400 - {'type': 'error', 'error': {'type': 'invalid_request_error', 'message': 'Your credit balance is too low to access the Anthropic API. Please go to Plans & Billing to upgrade or purchase credits.'}, 'request_id': 'req_011CczhREcJiscQKS8M9WaJ7'}
[2026-07-13T20:36:02Z] classify_jobs: job error: Accenture: Custom Software Engineer — Error code: 400 - {'type': 'error', 'error': {'type': 'invalid_request_error', 'message': 'Your credit balance is too low to access the Anthropic API. Please go to Plans & Billing to upgrade or purchase credits.'}, 'request_id': 'req_011CczhRgDRxsmoRfzBMs5kH'}
[2026-07-13T20:36:08Z] classify_jobs: job error: Accenture: Custom Software Engineer — Error code: 400 - {'type': 'error', 'error': {'type': 'invalid_request_error', 'message': 'Your credit balance is too low to access the Anthropic API. Please go to Plans & Billing to upgrade or purchase credits.'}, 'request_id': 'req_011CczhS7tmWr28xRfGdQ5no'}
[2026-07-13T20:36:14Z] classify_jobs: job error: Accenture: Custom Software Engineer — Error code: 400 - {'type': 'error', 'error': {'type': 'invalid_request_error', 'message': 'Your credit balance is too low to access the Anthropic API. Please go to Plans & Billing to upgrade or purchase credits.'}, 'request_id': 'req_011CczhSZYcuUdgURo74jjnh'}
[2026-07-13T20:36:20Z] classify_jobs: job error: Accenture: Custom Software Engineer — Error code: 400 - {'type': 'error', 'error': {'type': 'invalid_request_error', 'message': 'Your credit balance is too low to access the Anthropic API. Please go to Plans & Billing to upgrade or purchase credits.'}, 'request_id': 'req_011CczhT1SMNvX7L38WyFgFX'}
[2026-07-13T20:36:26Z] classify_jobs: job error: Accenture: Custom Software Engineer — Error code: 400 - {'type': 'error', 'error': {'type': 'invalid_request_error', 'message': 'Your credit balance is too low to access the Anthropic API. Please go to Plans & Billing to upgrade or purchase credits.'}, 'request_id': 'req_011CczhTSsJknV41gdW3Ztvd'}
[2026-07-13T20:36:32Z] classify_jobs: job error: Accenture: Technology Architect — Error code: 400 - {'type': 'error', 'error': {'type': 'invalid_request_error', 'message': 'Your credit balance is too low to access the Anthropic API. Please go to Plans & Billing to upgrade or purchase credits.'}, 'request_id': 'req_011CczhTtYeKZxsSqcdfzYgF'}
[2026-07-13T20:36:38Z] classify_jobs: job error: Accenture: Custom Software Engineer — Error code: 400 - {'type': 'error', 'error': {'type': 'invalid_request_error', 'message': 'Your credit balance is too low to access the Anthropic API. Please go to Plans & Billing to upgrade or purchase credits.'}, 'request_id': 'req_011CczhULNR456fbZdHpzgtQ'}
[2026-07-13T20:36:44Z] classify_jobs: job error: Accenture: Custom Software Engineer — Error code: 400 - {'type': 'error', 'error': {'type': 'invalid_request_error', 'message': 'Your credit balance is too low to access the Anthropic API. Please go to Plans & Billing to upgrade or purchase credits.'}, 'request_id': 'req_011CczhUmwJdCcnUeMskRDT6'}
[2026-07-13T20:36:50Z] classify_jobs: job error: Accenture: Custom Software Engineer — Error code: 400 - {'type': 'error', 'error': {'type': 'invalid_request_error', 'message': 'Your credit balance is too low to access the Anthropic API. Please go to Plans & Billing to upgrade or purchase credits.'}, 'request_id': 'req_011CczhVDb9tz1i6nhAbCt3h'}
[2026-07-13T20:36:56Z] classify_jobs: job error: Accenture: SAP ABAP Analyst — Error code: 400 - {'type': 'error', 'error': {'type': 'invalid_request_error', 'message': 'Your credit balance is too low to access the Anthropic API. Please go to Plans & Billing to upgrade or purchase credits.'}, 'request_id': 'req_011CczhVf8ZJ3HLCzAD674wg'}
[2026-07-13T20:37:02Z] classify_jobs: job error: Accenture: Custom Software Engineer — Error code: 400 - {'type': 'error', 'error': {'type': 'invalid_request_error', 'message': 'Your credit balance is too low to access the Anthropic API. Please go to Plans & Billing to upgrade or purchase credits.'}, 'request_id': 'req_011CczhW7iiLuhv5W2eMnEAu'}
[2026-07-13T20:37:08Z] classify_jobs: job error: Accenture: Application Support Engineer — Error code: 400 - {'type': 'error', 'error': {'type': 'invalid_request_error', 'message': 'Your credit balance is too low to access the Anthropic API. Please go to Plans & Billing to upgrade or purchase credits.'}, 'request_id': 'req_011CczhWYSkYGRQdAGcSP6Pn'}
[2026-07-13T20:37:14Z] classify_jobs: job error: Accenture: Custom Software Engineer — Error code: 400 - {'type': 'error', 'error': {'type': 'invalid_request_error', 'message': 'Your credit balance is too low to access the Anthropic API. Please go to Plans & Billing to upgrade or purchase credits.'}, 'request_id': 'req_011CczhWz5rUezyAWM9vwhzF'}
[2026-07-13T20:37:20Z] classify_jobs: job error: Accenture: Custom Software Engineer — Error code: 400 - {'type': 'error', 'error': {'type': 'invalid_request_error', 'message': 'Your credit balance is too low to access the Anthropic API. Please go to Plans & Billing to upgrade or purchase credits.'}, 'request_id': 'req_011CczhXRiiE7wtx7girFruP'}
[2026-07-13T20:37:26Z] classify_jobs: job error: Accenture: Sales Capture Associate Director-Digital Core — Error code: 400 - {'type': 'error', 'error': {'type': 'invalid_request_error', 'message': 'Your credit balance is too low to access the Anthropic API. Please go to Plans & Billing to upgrade or purchase credits.'}, 'request_id': 'req_011CczhXsNZe9utAKJZnCAaA'}
[2026-07-13T20:37:32Z] classify_jobs: job error: Accenture: Web Developer — Error code: 400 - {'type': 'error', 'error': {'type': 'invalid_request_error', 'message': 'Your credit balance is too low to access the Anthropic API. Please go to Plans & Billing to upgrade or purchase credits.'}, 'request_id': 'req_011CczhYK3eYrFK4BhQr9qoi'}
[2026-07-13T20:37:38Z] classify_jobs: job error: Accenture: Custom Software Engineer — Error code: 400 - {'type': 'error', 'error': {'type': 'invalid_request_error', 'message': 'Your credit balance is too low to access the Anthropic API. Please go to Plans & Billing to upgrade or purchase credits.'}, 'request_id': 'req_011CczhYkjV68K1gtbLxiHMy'}
[2026-07-13T20:37:44Z] classify_jobs: job error: Accenture: Application Support Engineer — Error code: 400 - {'type': 'error', 'error': {'type': 'invalid_request_error', 'message': 'Your credit balance is too low to access the Anthropic API. Please go to Plans & Billing to upgrade or purchase credits.'}, 'request_id': 'req_011CczhZCNLvAFFTykK6Fh3x'}
[2026-07-13T20:37:50Z] classify_jobs: job error: Accenture: Application Support Engineer — Error code: 400 - {'type': 'error', 'error': {'type': 'invalid_request_error', 'message': 'Your credit balance is too low to access the Anthropic API. Please go to Plans & Billing to upgrade or purchase credits.'}, 'request_id': 'req_011CczhZe1CMLQsPfK3L4fYh'}
[2026-07-13T20:37:56Z] classify_jobs: job error: Accenture: Application Support Engineer — Error code: 400 - {'type': 'error', 'error': {'type': 'invalid_request_error', 'message': 'Your credit balance is too low to access the Anthropic API. Please go to Plans & Billing to upgrade or purchase credits.'}, 'request_id': 'req_011Cczha5g3EqRVpAJrx1fWc'}
[2026-07-13T20:38:02Z] classify_jobs: job error: Accenture: Application Support Engineer — Error code: 400 - {'type': 'error', 'error': {'type': 'invalid_request_error', 'message': 'Your credit balance is too low to access the Anthropic API. Please go to Plans & Billing to upgrade or purchase credits.'}, 'request_id': 'req_011CczhaXza89FfRijUoiSi3'}
[2026-07-13T20:38:08Z] classify_jobs: job error: Accenture: Application Support Engineer — Error code: 400 - {'type': 'error', 'error': {'type': 'invalid_request_error', 'message': 'Your credit balance is too low to access the Anthropic API. Please go to Plans & Billing to upgrade or purchase credits.'}, 'request_id': 'req_011CczhaxxFh7XQFusoBMsHj'}
[2026-07-13T20:38:14Z] classify_jobs: job error: Accenture: Application Support Engineer — Error code: 400 - {'type': 'error', 'error': {'type': 'invalid_request_error', 'message': 'Your credit balance is too low to access the Anthropic API. Please go to Plans & Billing to upgrade or purchase credits.'}, 'request_id': 'req_011CczhbQcbjYNNWWX2Zyxyi'}
[2026-07-13T20:38:20Z] classify_jobs: job error: Accenture: Data & AI Consulting Manager - Banking — Error code: 400 - {'type': 'error', 'error': {'type': 'invalid_request_error', 'message': 'Your credit balance is too low to access the Anthropic API. Please go to Plans & Billing to upgrade or purchase credits.'}, 'request_id': 'req_011CczhbraYaNgakZ7ztdPXk'}
[2026-07-13T20:38:26Z] classify_jobs: job error: Accenture: Web Developer — Error code: 400 - {'type': 'error', 'error': {'type': 'invalid_request_error', 'message': 'Your credit balance is too low to access the Anthropic API. Please go to Plans & Billing to upgrade or purchase credits.'}, 'request_id': 'req_011CczhcHtoueuUGY1cWod45'}
[2026-07-13T20:38:32Z] classify_jobs: job error: Accenture: Web Developer — Error code: 400 - {'type': 'error', 'error': {'type': 'invalid_request_error', 'message': 'Your credit balance is too low to access the Anthropic API. Please go to Plans & Billing to upgrade or purchase credits.'}, 'request_id': 'req_011CczhcjZu7QgBNPyCqz3a9'}
[2026-07-13T20:38:38Z] classify_jobs: job error: Accenture: Application Support Engineer — Error code: 400 - {'type': 'error', 'error': {'type': 'invalid_request_error', 'message': 'Your credit balance is too low to access the Anthropic API. Please go to Plans & Billing to upgrade or purchase credits.'}, 'request_id': 'req_011CczhdBCWH8WwxkBgNNMJG'}
[2026-07-13T20:38:44Z] classify_jobs: job error: Accenture: Application Support Engineer — Error code: 400 - {'type': 'error', 'error': {'type': 'invalid_request_error', 'message': 'Your credit balance is too low to access the Anthropic API. Please go to Plans & Billing to upgrade or purchase credits.'}, 'request_id': 'req_011Cczhdcy3tZgSEFwnE8P1i'}
[2026-07-13T20:38:50Z] classify_jobs: job error: Accenture: Application Support Engineer — Error code: 400 - {'type': 'error', 'error': {'type': 'invalid_request_error', 'message': 'Your credit balance is too low to access the Anthropic API. Please go to Plans & Billing to upgrade or purchase credits.'}, 'request_id': 'req_011Cczhe5HLPE7iE7zDcep2t'}
[2026-07-13T20:38:56Z] classify_jobs: job error: Accenture: Application Support Engineer — Error code: 400 - {'type': 'error', 'error': {'type': 'invalid_request_error', 'message': 'Your credit balance is too low to access the Anthropic API. Please go to Plans & Billing to upgrade or purchase credits.'}, 'request_id': 'req_011CczheWHFLEYXCQw2J4JYx'}
[2026-07-13T20:39:02Z] classify_jobs: job error: Accenture: Application Support Engineer — Error code: 400 - {'type': 'error', 'error': {'type': 'invalid_request_error', 'message': 'Your credit balance is too low to access the Anthropic API. Please go to Plans & Billing to upgrade or purchase credits.'}, 'request_id': 'req_011Cczhewp9jBRj5KzUAE7b1'}
[2026-07-13T20:39:08Z] classify_jobs: job error: Accenture: Application Support Engineer — Error code: 400 - {'type': 'error', 'error': {'type': 'invalid_request_error', 'message': 'Your credit balance is too low to access the Anthropic API. Please go to Plans & Billing to upgrade or purchase credits.'}, 'request_id': 'req_011CczhfRM7UU4ZES9JvLR7W'}
[2026-07-13T20:39:14Z] classify_jobs: job error: Accenture: Application Support Engineer — Error code: 400 - {'type': 'error', 'error': {'type': 'invalid_request_error', 'message': 'Your credit balance is too low to access the Anthropic API. Please go to Plans & Billing to upgrade or purchase credits.'}, 'request_id': 'req_011Cczhfq9qEivGnrs8asibn'}
[2026-07-13T20:39:20Z] classify_jobs: job error: Accenture: Application Support Engineer — Error code: 400 - {'type': 'error', 'error': {'type': 'invalid_request_error', 'message': 'Your credit balance is too low to access the Anthropic API. Please go to Plans & Billing to upgrade or purchase credits.'}, 'request_id': 'req_011CczhgGyMhm5Q8gXkNuF8X'}
[2026-07-13T20:39:26Z] classify_jobs: job error: Accenture: Application Support Engineer — Error code: 400 - {'type': 'error', 'error': {'type': 'invalid_request_error', 'message': 'Your credit balance is too low to access the Anthropic API. Please go to Plans & Billing to upgrade or purchase credits.'}, 'request_id': 'req_011CczhgiVmMUd4w6Cp88umQ'}
[2026-07-13T20:39:32Z] classify_jobs: job error: Accenture: Application Support Engineer — Error code: 400 - {'type': 'error', 'error': {'type': 'invalid_request_error', 'message': 'Your credit balance is too low to access the Anthropic API. Please go to Plans & Billing to upgrade or purchase credits.'}, 'request_id': 'req_011CczhhA5ee4bXMdNwbKKic'}
[2026-07-13T20:39:38Z] classify_jobs: job error: Accenture: Application Support Engineer — Error code: 400 - {'type': 'error', 'error': {'type': 'invalid_request_error', 'message': 'Your credit balance is too low to access the Anthropic API. Please go to Plans & Billing to upgrade or purchase credits.'}, 'request_id': 'req_011CczhhbjkQfaKfxKwJvnAK'}
[2026-07-13T20:39:44Z] classify_jobs: job error: Accenture: Application Support Engineer — Error code: 400 - {'type': 'error', 'error': {'type': 'invalid_request_error', 'message': 'Your credit balance is too low to access the Anthropic API. Please go to Plans & Billing to upgrade or purchase credits.'}, 'request_id': 'req_011Cczhi3mAcLmudfXfCzuV8'}
[2026-07-13T20:39:50Z] classify_jobs: job error: Accenture: Application Support Engineer — Error code: 400 - {'type': 'error', 'error': {'type': 'invalid_request_error', 'message': 'Your credit balance is too low to access the Anthropic API. Please go to Plans & Billing to upgrade or purchase credits.'}, 'request_id': 'req_011CczhiV5g6qg44TwwTEurF'}
[2026-07-13T20:39:56Z] classify_jobs: job error: Accenture: Application Support Engineer — Error code: 400 - {'type': 'error', 'error': {'type': 'invalid_request_error', 'message': 'Your credit balance is too low to access the Anthropic API. Please go to Plans & Billing to upgrade or purchase credits.'}, 'request_id': 'req_011CczhivhYKUjcPV1pV3HVT'}
[2026-07-13T20:40:02Z] classify_jobs: job error: Accenture: Application Support Engineer — Error code: 400 - {'type': 'error', 'error': {'type': 'invalid_request_error', 'message': 'Your credit balance is too low to access the Anthropic API. Please go to Plans & Billing to upgrade or purchase credits.'}, 'request_id': 'req_011CczhjNMPXtWdP3xY1rDAQ'}
[2026-07-13T20:40:08Z] classify_jobs: job error: Accenture: Web Developer — Error code: 400 - {'type': 'error', 'error': {'type': 'invalid_request_error', 'message': 'Your credit balance is too low to access the Anthropic API. Please go to Plans & Billing to upgrade or purchase credits.'}, 'request_id': 'req_011Cczhjp5TSSuwCJLgMzWjE'}
[2026-07-13T20:40:14Z] classify_jobs: job error: Accenture: Application Support Engineer — Error code: 400 - {'type': 'error', 'error': {'type': 'invalid_request_error', 'message': 'Your credit balance is too low to access the Anthropic API. Please go to Plans & Billing to upgrade or purchase credits.'}, 'request_id': 'req_011CczhkFfqXuMF3qi47qFkU'}
[2026-07-13T20:40:20Z] classify_jobs: job error: Accenture: Application Support Engineer — Error code: 400 - {'type': 'error', 'error': {'type': 'invalid_request_error', 'message': 'Your credit balance is too low to access the Anthropic API. Please go to Plans & Billing to upgrade or purchase credits.'}, 'request_id': 'req_011CczhkhoTWGjDADiQ7TruX'}
[2026-07-13T20:40:26Z] classify_jobs: job error: Accenture: Application Support Engineer — Error code: 400 - {'type': 'error', 'error': {'type': 'invalid_request_error', 'message': 'Your credit balance is too low to access the Anthropic API. Please go to Plans & Billing to upgrade or purchase credits.'}, 'request_id': 'req_011Cczhm94FJZ4aHFmNV1omB'}
[2026-07-13T20:40:32Z] classify_jobs: job error: Accenture: Application Support Engineer — Error code: 400 - {'type': 'error', 'error': {'type': 'invalid_request_error', 'message': 'Your credit balance is too low to access the Anthropic API. Please go to Plans & Billing to upgrade or purchase credits.'}, 'request_id': 'req_011CczhmaesFWHkkCMyg4bEG'}
[2026-07-13T20:40:38Z] classify_jobs: job error: Accenture: Application Support Engineer — Error code: 400 - {'type': 'error', 'error': {'type': 'invalid_request_error', 'message': 'Your credit balance is too low to access the Anthropic API. Please go to Plans & Billing to upgrade or purchase credits.'}, 'request_id': 'req_011Cczhn2Y7TavEYdseJvyw6'}
[2026-07-13T20:40:44Z] classify_jobs: job error: Accenture: Application Support Engineer — Error code: 400 - {'type': 'error', 'error': {'type': 'invalid_request_error', 'message': 'Your credit balance is too low to access the Anthropic API. Please go to Plans & Billing to upgrade or purchase credits.'}, 'request_id': 'req_011CczhnTyZTmTYn7WeMCWyU'}
[2026-07-13T20:40:50Z] classify_jobs: job error: Accenture: Custom Software Engineer — Error code: 400 - {'type': 'error', 'error': {'type': 'invalid_request_error', 'message': 'Your credit balance is too low to access the Anthropic API. Please go to Plans & Billing to upgrade or purchase credits.'}, 'request_id': 'req_011CczhnucB7YU9wKzmZdDFH'}
[2026-07-13T20:40:56Z] classify_jobs: job error: Accenture: Sales Capture Lead- Managed Services — Error code: 400 - {'type': 'error', 'error': {'type': 'invalid_request_error', 'message': 'Your credit balance is too low to access the Anthropic API. Please go to Plans & Billing to upgrade or purchase credits.'}, 'request_id': 'req_011CczhoMFmyWcGuysY3bQtS'}
[2026-07-13T20:41:02Z] classify_jobs: job error: Accenture: Clinical Data Svs Analyst — Error code: 400 - {'type': 'error', 'error': {'type': 'invalid_request_error', 'message': 'Your credit balance is too low to access the Anthropic API. Please go to Plans & Billing to upgrade or purchase credits.'}, 'request_id': 'req_011Cczhony6WLxpGX6eZBV4r'}
[2026-07-13T20:41:08Z] classify_jobs: job error: Accenture: Clinical Data Svs Analyst — Error code: 400 - {'type': 'error', 'error': {'type': 'invalid_request_error', 'message': 'Your credit balance is too low to access the Anthropic API. Please go to Plans & Billing to upgrade or purchase credits.'}, 'request_id': 'req_011CczhpEZDrEvdNuDBWStRx'}
[2026-07-13T20:41:14Z] classify_jobs: job error: Accenture: Clinical Data Svs Analyst — Error code: 400 - {'type': 'error', 'error': {'type': 'invalid_request_error', 'message': 'Your credit balance is too low to access the Anthropic API. Please go to Plans & Billing to upgrade or purchase credits.'}, 'request_id': 'req_011CczhpgSDTi3Uft1AqJpcx'}
[2026-07-13T20:41:20Z] classify_jobs: job error: Accenture: Delivery Operations Associate Manager — Error code: 400 - {'type': 'error', 'error': {'type': 'invalid_request_error', 'message': 'Your credit balance is too low to access the Anthropic API. Please go to Plans & Billing to upgrade or purchase credits.'}, 'request_id': 'req_011Cczhq7uuHg9WxL549mSN2'}
[2026-07-13T20:41:26Z] classify_jobs: job error: Accenture: Delivery Operations Associate Manager — Error code: 400 - {'type': 'error', 'error': {'type': 'invalid_request_error', 'message': 'Your credit balance is too low to access the Anthropic API. Please go to Plans & Billing to upgrade or purchase credits.'}, 'request_id': 'req_011CczhqZbjNPNyN3JsThPdv'}
[2026-07-13T20:41:32Z] classify_jobs: job error: Accenture: Measurement and Reporting Associate — Error code: 400 - {'type': 'error', 'error': {'type': 'invalid_request_error', 'message': 'Your credit balance is too low to access the Anthropic API. Please go to Plans & Billing to upgrade or purchase credits.'}, 'request_id': 'req_011Cczhr1CcDRmUSUR2tZ5FD'}
[2026-07-13T20:41:38Z] classify_jobs: job error: Accenture: Recruiting Senior Analyst — Error code: 400 - {'type': 'error', 'error': {'type': 'invalid_request_error', 'message': 'Your credit balance is too low to access the Anthropic API. Please go to Plans & Billing to upgrade or purchase credits.'}, 'request_id': 'req_011CczhrThoSkk18MnsjaVMq'}
[2026-07-13T20:41:44Z] classify_jobs: job error: Accenture: Recruiting Senior Analyst — Error code: 400 - {'type': 'error', 'error': {'type': 'invalid_request_error', 'message': 'Your credit balance is too low to access the Anthropic API. Please go to Plans & Billing to upgrade or purchase credits.'}, 'request_id': 'req_011CczhruhjinqfLKPUuJ7ct'}
[2026-07-13T20:41:50Z] classify_jobs: job error: Accenture: Recruiting Senior Analyst — Error code: 400 - {'type': 'error', 'error': {'type': 'invalid_request_error', 'message': 'Your credit balance is too low to access the Anthropic API. Please go to Plans & Billing to upgrade or purchase credits.'}, 'request_id': 'req_011CczhsL6vsviJrK8zDyJM1'}
[2026-07-13T20:41:56Z] classify_jobs: job error: Accenture: Recruiting Senior Analyst — Error code: 400 - {'type': 'error', 'error': {'type': 'invalid_request_error', 'message': 'Your credit balance is too low to access the Anthropic API. Please go to Plans & Billing to upgrade or purchase credits.'}, 'request_id': 'req_011CczhsmoWD3YT59MWzPByG'}
[2026-07-13T20:42:02Z] classify_jobs: job error: Accenture: Custom Software Engineer — Error code: 400 - {'type': 'error', 'error': {'type': 'invalid_request_error', 'message': 'Your credit balance is too low to access the Anthropic API. Please go to Plans & Billing to upgrade or purchase credits.'}, 'request_id': 'req_011CczhtDSMxcMXimxn3zXEP'}
[2026-07-13T20:42:08Z] classify_jobs: job error: Accenture: Custom Software Engineer — Error code: 400 - {'type': 'error', 'error': {'type': 'invalid_request_error', 'message': 'Your credit balance is too low to access the Anthropic API. Please go to Plans & Billing to upgrade or purchase credits.'}, 'request_id': 'req_011Cczhtf7Cn37e6CWBn535F'}
[2026-07-13T20:42:14Z] classify_jobs: job error: Accenture: Custom Software Engineer — Error code: 400 - {'type': 'error', 'error': {'type': 'invalid_request_error', 'message': 'Your credit balance is too low to access the Anthropic API. Please go to Plans & Billing to upgrade or purchase credits.'}, 'request_id': 'req_011Cczhu6kodEogwEP9Q9rQe'}
[2026-07-13T20:42:20Z] classify_jobs: job error: Accenture: Web Developer — Error code: 400 - {'type': 'error', 'error': {'type': 'invalid_request_error', 'message': 'Your credit balance is too low to access the Anthropic API. Please go to Plans & Billing to upgrade or purchase credits.'}, 'request_id': 'req_011CczhuYZLVZ6VJiEENFFPA'}
[2026-07-13T20:42:26Z] classify_jobs: job error: Accenture: Custom Software Engineer — Error code: 400 - {'type': 'error', 'error': {'type': 'invalid_request_error', 'message': 'Your credit balance is too low to access the Anthropic API. Please go to Plans & Billing to upgrade or purchase credits.'}, 'request_id': 'req_011Cczhuz3mMEeMmhTG4Lw4Z'}
[2026-07-13T20:42:32Z] classify_jobs: job error: Accenture: Custom Software Engineer — Error code: 400 - {'type': 'error', 'error': {'type': 'invalid_request_error', 'message': 'Your credit balance is too low to access the Anthropic API. Please go to Plans & Billing to upgrade or purchase credits.'}, 'request_id': 'req_011CczhvS1U2KSj7BsC9WeKu'}
[2026-07-13T20:42:38Z] classify_jobs: job error: Accenture: Application Support Engineer — Error code: 400 - {'type': 'error', 'error': {'type': 'invalid_request_error', 'message': 'Your credit balance is too low to access the Anthropic API. Please go to Plans & Billing to upgrade or purchase credits.'}, 'request_id': 'req_011CczhvsVtwLG6rj48QwGTy'}
[2026-07-13T20:42:44Z] classify_jobs: job error: Accenture: Custom Software Engineer — Error code: 400 - {'type': 'error', 'error': {'type': 'invalid_request_error', 'message': 'Your credit balance is too low to access the Anthropic API. Please go to Plans & Billing to upgrade or purchase credits.'}, 'request_id': 'req_011CczhwJz53eRfERHrCpgyM'}
[2026-07-13T20:42:50Z] classify_jobs: job error: Accenture: Quality Engineer (Tester, Manual) — Error code: 400 - {'type': 'error', 'error': {'type': 'invalid_request_error', 'message': 'Your credit balance is too low to access the Anthropic API. Please go to Plans & Billing to upgrade or purchase credits.'}, 'request_id': 'req_011CczhwkgedmYvDzb2xvQjA'}
[2026-07-13T20:42:56Z] classify_jobs: job error: Accenture: Custom Software Engineer — Error code: 400 - {'type': 'error', 'error': {'type': 'invalid_request_error', 'message': 'Your credit balance is too low to access the Anthropic API. Please go to Plans & Billing to upgrade or purchase credits.'}, 'request_id': 'req_011CczhxCJGSjNAaDc9zNJ2N'}
[2026-07-13T20:43:02Z] classify_jobs: job error: Accenture: Technology Architect — Error code: 400 - {'type': 'error', 'error': {'type': 'invalid_request_error', 'message': 'Your credit balance is too low to access the Anthropic API. Please go to Plans & Billing to upgrade or purchase credits.'}, 'request_id': 'req_011CczhxdxcVeBrEQtBfhGf8'}
[2026-07-13T20:43:08Z] classify_jobs: job error: Accenture: Technology Architect — Error code: 400 - {'type': 'error', 'error': {'type': 'invalid_request_error', 'message': 'Your credit balance is too low to access the Anthropic API. Please go to Plans & Billing to upgrade or purchase credits.'}, 'request_id': 'req_011Cczhy5eh384TBAK8HFzxB'}
[2026-07-13T20:43:14Z] classify_jobs: job error: Accenture: Technology Architect — Error code: 400 - {'type': 'error', 'error': {'type': 'invalid_request_error', 'message': 'Your credit balance is too low to access the Anthropic API. Please go to Plans & Billing to upgrade or purchase credits.'}, 'request_id': 'req_011CczhyXGouPXSQ7qtxLDfc'}
[2026-07-13T20:43:20Z] classify_jobs: job error: Accenture: Technology Architect — Error code: 400 - {'type': 'error', 'error': {'type': 'invalid_request_error', 'message': 'Your credit balance is too low to access the Anthropic API. Please go to Plans & Billing to upgrade or purchase credits.'}, 'request_id': 'req_011CczhyxuR2YzAauS2mJ2GC'}
[2026-07-13T20:43:27Z] classify_jobs: job error: Accenture: Transformational Change Manager — Error code: 400 - {'type': 'error', 'error': {'type': 'invalid_request_error', 'message': 'Your credit balance is too low to access the Anthropic API. Please go to Plans & Billing to upgrade or purchase credits.'}, 'request_id': 'req_011CczhzU56xH7ryG2eTmHjm'}
[2026-07-13T20:43:32Z] classify_jobs: job error: Accenture: Data Scientist — Error code: 400 - {'type': 'error', 'error': {'type': 'invalid_request_error', 'message': 'Your credit balance is too low to access the Anthropic API. Please go to Plans & Billing to upgrade or purchase credits.'}, 'request_id': 'req_011CczhzrQH1L5KuNCE1S7cm'}
[2026-07-13T20:43:38Z] classify_jobs: job error: Accenture: Senior Consultant Operating Model Transformation — Error code: 400 - {'type': 'error', 'error': {'type': 'invalid_request_error', 'message': 'Your credit balance is too low to access the Anthropic API. Please go to Plans & Billing to upgrade or purchase credits.'}, 'request_id': 'req_011Cczi1HshwnH56r2YFT5va'}
[2026-07-13T20:43:44Z] classify_jobs: job error: Accenture: Transformational Change Management Consultant — Error code: 400 - {'type': 'error', 'error': {'type': 'invalid_request_error', 'message': 'Your credit balance is too low to access the Anthropic API. Please go to Plans & Billing to upgrade or purchase credits.'}, 'request_id': 'req_011Cczi1jdktZ7hMhB3yxnFz'}
[2026-07-13T20:43:50Z] classify_jobs: job error: Accenture: Clinical Data Svs Analyst — Error code: 400 - {'type': 'error', 'error': {'type': 'invalid_request_error', 'message': 'Your credit balance is too low to access the Anthropic API. Please go to Plans & Billing to upgrade or purchase credits.'}, 'request_id': 'req_011Cczi2BGsAvhxRFCJvovAJ'}
[2026-07-13T20:43:56Z] classify_jobs: job error: Accenture: Clinical Data Svs Analyst — Error code: 400 - {'type': 'error', 'error': {'type': 'invalid_request_error', 'message': 'Your credit balance is too low to access the Anthropic API. Please go to Plans & Billing to upgrade or purchase credits.'}, 'request_id': 'req_011Cczi2crzgzXCdbQyFADJa'}
[2026-07-13T20:44:02Z] classify_jobs: job error: Accenture: Clinical Data Svs Analyst — Error code: 400 - {'type': 'error', 'error': {'type': 'invalid_request_error', 'message': 'Your credit balance is too low to access the Anthropic API. Please go to Plans & Billing to upgrade or purchase credits.'}, 'request_id': 'req_011Cczi34f2XisNwBGrhW6nN'}
[2026-07-13T20:44:08Z] classify_jobs: job error: Accenture: SAP ABAP Developer — Error code: 400 - {'type': 'error', 'error': {'type': 'invalid_request_error', 'message': 'Your credit balance is too low to access the Anthropic API. Please go to Plans & Billing to upgrade or purchase credits.'}, 'request_id': 'req_011Cczi3WAwW173v5aQDBBBS'}
[2026-07-13T20:44:14Z] classify_jobs: job error: Accenture: Custom Software Engineer — Error code: 400 - {'type': 'error', 'error': {'type': 'invalid_request_error', 'message': 'Your credit balance is too low to access the Anthropic API. Please go to Plans & Billing to upgrade or purchase credits.'}, 'request_id': 'req_011Cczi3woo4NQvgJCYyhEP5'}
[2026-07-13T20:44:20Z] classify_jobs: job error: Accenture: Technology Architect — Error code: 400 - {'type': 'error', 'error': {'type': 'invalid_request_error', 'message': 'Your credit balance is too low to access the Anthropic API. Please go to Plans & Billing to upgrade or purchase credits.'}, 'request_id': 'req_011Cczi4PgntbNEuqfNcPSfc'}
[2026-07-13T20:44:26Z] classify_jobs: job error: Accenture: Custom Software Engineer — Error code: 400 - {'type': 'error', 'error': {'type': 'invalid_request_error', 'message': 'Your credit balance is too low to access the Anthropic API. Please go to Plans & Billing to upgrade or purchase credits.'}, 'request_id': 'req_011Cczi4q6WPRnRADvJwGuvk'}
[2026-07-13T20:44:32Z] classify_jobs: job error: Accenture: Custom Software Engineer — Error code: 400 - {'type': 'error', 'error': {'type': 'invalid_request_error', 'message': 'Your credit balance is too low to access the Anthropic API. Please go to Plans & Billing to upgrade or purchase credits.'}, 'request_id': 'req_011Cczi5Hs5VmWTJiJMqyJJf'}
[2026-07-13T20:44:38Z] classify_jobs: job error: Accenture: Technology Architect — Error code: 400 - {'type': 'error', 'error': {'type': 'invalid_request_error', 'message': 'Your credit balance is too low to access the Anthropic API. Please go to Plans & Billing to upgrade or purchase credits.'}, 'request_id': 'req_011Cczi5iTB985J1bgFPFuyK'}
[2026-07-13T20:44:44Z] classify_jobs: job error: Accenture: Tech Delivery Subject Matter Expert — Error code: 400 - {'type': 'error', 'error': {'type': 'invalid_request_error', 'message': 'Your credit balance is too low to access the Anthropic API. Please go to Plans & Billing to upgrade or purchase credits.'}, 'request_id': 'req_011Cczi6A4YvASibqUq6wMCJ'}
[2026-07-13T20:44:50Z] classify_jobs: job error: Accenture: Tech Delivery Subject Matter Expert — Error code: 400 - {'type': 'error', 'error': {'type': 'invalid_request_error', 'message': 'Your credit balance is too low to access the Anthropic API. Please go to Plans & Billing to upgrade or purchase credits.'}, 'request_id': 'req_011Cczi6bgfLLTminJZeosLE'}
[2026-07-13T20:44:56Z] classify_jobs: job error: Accenture: Tech Delivery Subject Matter Expert — Error code: 400 - {'type': 'error', 'error': {'type': 'invalid_request_error', 'message': 'Your credit balance is too low to access the Anthropic API. Please go to Plans & Billing to upgrade or purchase credits.'}, 'request_id': 'req_011Cczi73VByEYtKw5CnmQu3'}
[2026-07-13T20:45:02Z] classify_jobs: job error: Accenture: Tech Delivery Subject Matter Expert — Error code: 400 - {'type': 'error', 'error': {'type': 'invalid_request_error', 'message': 'Your credit balance is too low to access the Anthropic API. Please go to Plans & Billing to upgrade or purchase credits.'}, 'request_id': 'req_011Cczi7VHUCPo1CsnH5ny9e'}
[2026-07-13T20:45:08Z] classify_jobs: job error: Accenture: Custom Software Engineer — Error code: 400 - {'type': 'error', 'error': {'type': 'invalid_request_error', 'message': 'Your credit balance is too low to access the Anthropic API. Please go to Plans & Billing to upgrade or purchase credits.'}, 'request_id': 'req_011Cczi7vkAVRs9mD3Y1FTWG'}
[2026-07-13T20:45:14Z] classify_jobs: job error: Accenture: Custom Software Engineer — Error code: 400 - {'type': 'error', 'error': {'type': 'invalid_request_error', 'message': 'Your credit balance is too low to access the Anthropic API. Please go to Plans & Billing to upgrade or purchase credits.'}, 'request_id': 'req_011Cczi8NPGSqenNyNn9DnP2'}
[2026-07-13T20:45:20Z] classify_jobs: job error: Accenture: Deployment Lead — Error code: 400 - {'type': 'error', 'error': {'type': 'invalid_request_error', 'message': 'Your credit balance is too low to access the Anthropic API. Please go to Plans & Billing to upgrade or purchase credits.'}, 'request_id': 'req_011Cczi8p7pw5YkG3BMQNzSs'}
[2026-07-13T20:45:26Z] classify_jobs: job error: Accenture: Tech Delivery Subject Matter Expert — Error code: 400 - {'type': 'error', 'error': {'type': 'invalid_request_error', 'message': 'Your credit balance is too low to access the Anthropic API. Please go to Plans & Billing to upgrade or purchase credits.'}, 'request_id': 'req_011Cczi9Fof9FX5W8YxCXNjP'}
[2026-07-13T20:45:32Z] classify_jobs: job error: Accenture: AI Native Engineer - Reinvention Center — Error code: 400 - {'type': 'error', 'error': {'type': 'invalid_request_error', 'message': 'Your credit balance is too low to access the Anthropic API. Please go to Plans & Billing to upgrade or purchase credits.'}, 'request_id': 'req_011Cczi9hRHAmEamv8bJ4DHN'}
[2026-07-13T20:45:38Z] classify_jobs: job error: Accenture: Business Architect — Error code: 400 - {'type': 'error', 'error': {'type': 'invalid_request_error', 'message': 'Your credit balance is too low to access the Anthropic API. Please go to Plans & Billing to upgrade or purchase credits.'}, 'request_id': 'req_011CcziA8wwYjpgWjtsjGMFu'}
[2026-07-13T20:45:44Z] classify_jobs: job error: Accenture: Cloud Technical Architect — Error code: 400 - {'type': 'error', 'error': {'type': 'invalid_request_error', 'message': 'Your credit balance is too low to access the Anthropic API. Please go to Plans & Billing to upgrade or purchase credits.'}, 'request_id': 'req_011CcziAayc4r7XgopTwiXzk'}
[2026-07-13T20:45:50Z] classify_jobs: job error: Accenture: Cloud Technical Architect — Error code: 400 - {'type': 'error', 'error': {'type': 'invalid_request_error', 'message': 'Your credit balance is too low to access the Anthropic API. Please go to Plans & Billing to upgrade or purchase credits.'}, 'request_id': 'req_011CcziB2LMCpfBKjk2pHe4B'}
[2026-07-13T20:45:56Z] classify_jobs: job error: Accenture: Tech Delivery Subject Matter Expert — Error code: 400 - {'type': 'error', 'error': {'type': 'invalid_request_error', 'message': 'Your credit balance is too low to access the Anthropic API. Please go to Plans & Billing to upgrade or purchase credits.'}, 'request_id': 'req_011CcziBU3v82xuHpZ5YEast'}
[2026-07-13T20:46:02Z] classify_jobs: job error: Accenture: Business Architect — Error code: 400 - {'type': 'error', 'error': {'type': 'invalid_request_error', 'message': 'Your credit balance is too low to access the Anthropic API. Please go to Plans & Billing to upgrade or purchase credits.'}, 'request_id': 'req_011CcziBudYrLaU4ckHij7Vo'}
[2026-07-13T20:46:08Z] classify_jobs: job error: Accenture: Cloud Technical Architect — Error code: 400 - {'type': 'error', 'error': {'type': 'invalid_request_error', 'message': 'Your credit balance is too low to access the Anthropic API. Please go to Plans & Billing to upgrade or purchase credits.'}, 'request_id': 'req_011CcziCMERZmdMuJv3mjuEj'}
[2026-07-13T20:46:14Z] classify_jobs: job error: Accenture: Custom Software Engineer — Error code: 400 - {'type': 'error', 'error': {'type': 'invalid_request_error', 'message': 'Your credit balance is too low to access the Anthropic API. Please go to Plans & Billing to upgrade or purchase credits.'}, 'request_id': 'req_011CcziCns2zhZpDj48hcAet'}
[2026-07-13T20:46:20Z] classify_jobs: job error: Accenture: Custom Software Engineer — Error code: 400 - {'type': 'error', 'error': {'type': 'invalid_request_error', 'message': 'Your credit balance is too low to access the Anthropic API. Please go to Plans & Billing to upgrade or purchase credits.'}, 'request_id': 'req_011CcziDEWtJcLqPoYoMkzio'}
[2026-07-13T20:46:26Z] classify_jobs: job error: Accenture: Custom Software Engineer — Error code: 400 - {'type': 'error', 'error': {'type': 'invalid_request_error', 'message': 'Your credit balance is too low to access the Anthropic API. Please go to Plans & Billing to upgrade or purchase credits.'}, 'request_id': 'req_011CcziDgQNd73cN57TvhKTb'}
[2026-07-13T20:46:32Z] classify_jobs: job error: Accenture: Custom Software Engineer — Error code: 400 - {'type': 'error', 'error': {'type': 'invalid_request_error', 'message': 'Your credit balance is too low to access the Anthropic API. Please go to Plans & Billing to upgrade or purchase credits.'}, 'request_id': 'req_011CcziE7pae9dQsEAhHTCX7'}
[2026-07-13T20:46:38Z] classify_jobs: job error: Accenture: Custom Software Engineer — Error code: 400 - {'type': 'error', 'error': {'type': 'invalid_request_error', 'message': 'Your credit balance is too low to access the Anthropic API. Please go to Plans & Billing to upgrade or purchase credits.'}, 'request_id': 'req_011CcziEZTCBqh5Uf6aDTYDA'}
[2026-07-13T20:46:44Z] classify_jobs: job error: Accenture: Software Development Engineer — Error code: 400 - {'type': 'error', 'error': {'type': 'invalid_request_error', 'message': 'Your credit balance is too low to access the Anthropic API. Please go to Plans & Billing to upgrade or purchase credits.'}, 'request_id': 'req_011CcziF18n1u67sSMXenBn4'}
[2026-07-13T20:46:50Z] classify_jobs: job error: Accenture: Custom Software Engineer — Error code: 400 - {'type': 'error', 'error': {'type': 'invalid_request_error', 'message': 'Your credit balance is too low to access the Anthropic API. Please go to Plans & Billing to upgrade or purchase credits.'}, 'request_id': 'req_011CcziFSpcGJ1iviiwsc2EN'}
[2026-07-13T20:46:56Z] classify_jobs: job error: Accenture: Application Developer — Error code: 400 - {'type': 'error', 'error': {'type': 'invalid_request_error', 'message': 'Your credit balance is too low to access the Anthropic API. Please go to Plans & Billing to upgrade or purchase credits.'}, 'request_id': 'req_011CcziFtaQmRNpeKJAjzore'}
[2026-07-13T20:47:02Z] classify_jobs: job error: Accenture: Custom Software Engineer — Error code: 400 - {'type': 'error', 'error': {'type': 'invalid_request_error', 'message': 'Your credit balance is too low to access the Anthropic API. Please go to Plans & Billing to upgrade or purchase credits.'}, 'request_id': 'req_011CcziGL65bhkkwTTCkCX3C'}
[2026-07-13T20:47:08Z] classify_jobs: job error: Accenture: Application Developer — Error code: 400 - {'type': 'error', 'error': {'type': 'invalid_request_error', 'message': 'Your credit balance is too low to access the Anthropic API. Please go to Plans & Billing to upgrade or purchase credits.'}, 'request_id': 'req_011CcziGmiwB97tnL1gz5XKA'}
[2026-07-13T20:47:14Z] classify_jobs: job error: Accenture: Custom Software Engineer — Error code: 400 - {'type': 'error', 'error': {'type': 'invalid_request_error', 'message': 'Your credit balance is too low to access the Anthropic API. Please go to Plans & Billing to upgrade or purchase credits.'}, 'request_id': 'req_011CcziHDQXGJs9JwA9oVVkV'}
[2026-07-13T20:47:20Z] classify_jobs: job error: Accenture: Custom Software Engineer — Error code: 400 - {'type': 'error', 'error': {'type': 'invalid_request_error', 'message': 'Your credit balance is too low to access the Anthropic API. Please go to Plans & Billing to upgrade or purchase credits.'}, 'request_id': 'req_011CcziHf3st4pw1UNskhbqW'}
[2026-07-13T20:47:26Z] classify_jobs: job error: Accenture: Custom Software Engineer — Error code: 400 - {'type': 'error', 'error': {'type': 'invalid_request_error', 'message': 'Your credit balance is too low to access the Anthropic API. Please go to Plans & Billing to upgrade or purchase credits.'}, 'request_id': 'req_011CcziJ6gEk7EccumEQFzDu'}
[2026-07-13T20:47:32Z] classify_jobs: job error: Accenture: Custom Software Engineer — Error code: 400 - {'type': 'error', 'error': {'type': 'invalid_request_error', 'message': 'Your credit balance is too low to access the Anthropic API. Please go to Plans & Billing to upgrade or purchase credits.'}, 'request_id': 'req_011CcziJYcTMZCpxy6k2fkNW'}
[2026-07-13T20:47:38Z] classify_jobs: job error: Accenture: Custom Software Engineer — Error code: 400 - {'type': 'error', 'error': {'type': 'invalid_request_error', 'message': 'Your credit balance is too low to access the Anthropic API. Please go to Plans & Billing to upgrade or purchase credits.'}, 'request_id': 'req_011CcziJz3etpDL7sNTy9E7J'}
[2026-07-13T20:47:44Z] classify_jobs: job error: Accenture: Custom Software Engineer — Error code: 400 - {'type': 'error', 'error': {'type': 'invalid_request_error', 'message': 'Your credit balance is too low to access the Anthropic API. Please go to Plans & Billing to upgrade or purchase credits.'}, 'request_id': 'req_011CcziKRhkipDbFZevRBPdd'}
[2026-07-13T20:47:50Z] classify_jobs: job error: Accenture: Consultant expérimenté SAP Fashion & Luxury - F/H — Error code: 400 - {'type': 'error', 'error': {'type': 'invalid_request_error', 'message': 'Your credit balance is too low to access the Anthropic API. Please go to Plans & Billing to upgrade or purchase credits.'}, 'request_id': 'req_011CcziKsSJxYdEyJm87NZJu'}
[2026-07-13T20:47:56Z] classify_jobs: job error: Accenture: Custom Software Engineer — Error code: 400 - {'type': 'error', 'error': {'type': 'invalid_request_error', 'message': 'Your credit balance is too low to access the Anthropic API. Please go to Plans & Billing to upgrade or purchase credits.'}, 'request_id': 'req_011CcziLJyDc8YPnjAcTwwTv'}
[2026-07-13T20:48:02Z] classify_jobs: job error: Accenture: Custom Software Engineer — Error code: 400 - {'type': 'error', 'error': {'type': 'invalid_request_error', 'message': 'Your credit balance is too low to access the Anthropic API. Please go to Plans & Billing to upgrade or purchase credits.'}, 'request_id': 'req_011CcziLkrTZDS685ucto7g4'}
[2026-07-13T20:48:08Z] classify_jobs: job error: Accenture: Custom Software Engineer — Error code: 400 - {'type': 'error', 'error': {'type': 'invalid_request_error', 'message': 'Your credit balance is too low to access the Anthropic API. Please go to Plans & Billing to upgrade or purchase credits.'}, 'request_id': 'req_011CcziMCFg5fwikLUPhWMPX'}
[2026-07-13T20:48:14Z] classify_jobs: job error: Accenture: Full Stack Engineer — Error code: 400 - {'type': 'error', 'error': {'type': 'invalid_request_error', 'message': 'Your credit balance is too low to access the Anthropic API. Please go to Plans & Billing to upgrade or purchase credits.'}, 'request_id': 'req_011CcziMeG7N89ggrsskR7CW'}
[2026-07-13T20:48:20Z] classify_jobs: job error: Accenture: Custom Software Engineer — Error code: 400 - {'type': 'error', 'error': {'type': 'invalid_request_error', 'message': 'Your credit balance is too low to access the Anthropic API. Please go to Plans & Billing to upgrade or purchase credits.'}, 'request_id': 'req_011CcziN63td2pCEA6cSKouD'}
[2026-07-13T20:48:26Z] classify_jobs: job error: Accenture: Custom Software Engineer — Error code: 400 - {'type': 'error', 'error': {'type': 'invalid_request_error', 'message': 'Your credit balance is too low to access the Anthropic API. Please go to Plans & Billing to upgrade or purchase credits.'}, 'request_id': 'req_011CcziNXGhJ5dhL1s5Dm7RV'}
[2026-07-13T20:48:32Z] classify_jobs: job error: Accenture: Custom Software Engineer — Error code: 400 - {'type': 'error', 'error': {'type': 'invalid_request_error', 'message': 'Your credit balance is too low to access the Anthropic API. Please go to Plans & Billing to upgrade or purchase credits.'}, 'request_id': 'req_011CcziNxs5GLwtChwsoAtaP'}
[2026-07-13T20:48:38Z] classify_jobs: job error: Accenture: Custom Software Engineer — Error code: 400 - {'type': 'error', 'error': {'type': 'invalid_request_error', 'message': 'Your credit balance is too low to access the Anthropic API. Please go to Plans & Billing to upgrade or purchase credits.'}, 'request_id': 'req_011CcziPQXuzo11qv42ebn8T'}
[2026-07-13T20:48:44Z] classify_jobs: job error: Accenture: Custom Software Engineer — Error code: 400 - {'type': 'error', 'error': {'type': 'invalid_request_error', 'message': 'Your credit balance is too low to access the Anthropic API. Please go to Plans & Billing to upgrade or purchase credits.'}, 'request_id': 'req_011CcziPrB2Rc5WsPRNkSDJU'}
[2026-07-13T20:48:50Z] classify_jobs: job error: Accenture: Procure to Pay Operations Associate — Error code: 400 - {'type': 'error', 'error': {'type': 'invalid_request_error', 'message': 'Your credit balance is too low to access the Anthropic API. Please go to Plans & Billing to upgrade or purchase credits.'}, 'request_id': 'req_011CcziQHrrhHes38M83Zt8f'}
[2026-07-13T20:48:56Z] classify_jobs: job error: Accenture: Business Process Architect — Error code: 400 - {'type': 'error', 'error': {'type': 'invalid_request_error', 'message': 'Your credit balance is too low to access the Anthropic API. Please go to Plans & Billing to upgrade or purchase credits.'}, 'request_id': 'req_011CcziQjYwQX2n2eqW8S8zJ'}
[2026-07-13T20:49:02Z] classify_jobs: job error: Accenture: Consultor de Cibersegurança para Ambientes OT — Error code: 400 - {'type': 'error', 'error': {'type': 'invalid_request_error', 'message': 'Your credit balance is too low to access the Anthropic API. Please go to Plans & Billing to upgrade or purchase credits.'}, 'request_id': 'req_011CcziRCHXBvGdCVJmnVx2W'}
[2026-07-13T20:49:08Z] classify_jobs: job error: Accenture: Release Train Engineer — Error code: 400 - {'type': 'error', 'error': {'type': 'invalid_request_error', 'message': 'Your credit balance is too low to access the Anthropic API. Please go to Plans & Billing to upgrade or purchase credits.'}, 'request_id': 'req_011CcziRcoAiP8iGBbjTgrbM'}
[2026-07-13T20:49:14Z] classify_jobs: job error: Accenture: Custom Software Engineer — Error code: 400 - {'type': 'error', 'error': {'type': 'invalid_request_error', 'message': 'Your credit balance is too low to access the Anthropic API. Please go to Plans & Billing to upgrade or purchase credits.'}, 'request_id': 'req_011CcziS4eB7eKdjkfRX7jLv'}
[2026-07-13T20:49:20Z] classify_jobs: job error: Accenture: Custom Software Engineer — Error code: 400 - {'type': 'error', 'error': {'type': 'invalid_request_error', 'message': 'Your credit balance is too low to access the Anthropic API. Please go to Plans & Billing to upgrade or purchase credits.'}, 'request_id': 'req_011CcziSW7c4cxq24W6y4eFp'}
[2026-07-13T20:49:26Z] classify_jobs: job error: Accenture: Custom Software Engineer — Error code: 400 - {'type': 'error', 'error': {'type': 'invalid_request_error', 'message': 'Your credit balance is too low to access the Anthropic API. Please go to Plans & Billing to upgrade or purchase credits.'}, 'request_id': 'req_011CcziSwoh4yvdy9pUFWWfC'}
[2026-07-13T20:49:32Z] classify_jobs: job error: Accenture: Cloud Platform Engineer — Error code: 400 - {'type': 'error', 'error': {'type': 'invalid_request_error', 'message': 'Your credit balance is too low to access the Anthropic API. Please go to Plans & Billing to upgrade or purchase credits.'}, 'request_id': 'req_011CcziTPQ4tbGZSPkaLEjr8'}
[2026-07-13T20:49:38Z] classify_jobs: job error: Accenture: Custom Software Engineer — Error code: 400 - {'type': 'error', 'error': {'type': 'invalid_request_error', 'message': 'Your credit balance is too low to access the Anthropic API. Please go to Plans & Billing to upgrade or purchase credits.'}, 'request_id': 'req_011CcziTqDaxzgKP18UvWwZm'}
[2026-07-13T20:49:44Z] classify_jobs: job error: Accenture: Custom Software Engineer — Error code: 400 - {'type': 'error', 'error': {'type': 'invalid_request_error', 'message': 'Your credit balance is too low to access the Anthropic API. Please go to Plans & Billing to upgrade or purchase credits.'}, 'request_id': 'req_011CcziUGoidbxfvXGAkSd1U'}
[2026-07-13T20:49:50Z] classify_jobs: job error: Accenture: Custom Software Engineer — Error code: 400 - {'type': 'error', 'error': {'type': 'invalid_request_error', 'message': 'Your credit balance is too low to access the Anthropic API. Please go to Plans & Billing to upgrade or purchase credits.'}, 'request_id': 'req_011CcziUiNbyzNUB4QqF6wAu'}
[2026-07-13T20:49:56Z] classify_jobs: job error: Accenture: Custom Software Engineer — Error code: 400 - {'type': 'error', 'error': {'type': 'invalid_request_error', 'message': 'Your credit balance is too low to access the Anthropic API. Please go to Plans & Billing to upgrade or purchase credits.'}, 'request_id': 'req_011CcziVA3CkzfeRRSeANu42'}
[2026-07-13T20:50:02Z] classify_jobs: job error: Accenture: Custom Software Engineer — Error code: 400 - {'type': 'error', 'error': {'type': 'invalid_request_error', 'message': 'Your credit balance is too low to access the Anthropic API. Please go to Plans & Billing to upgrade or purchase credits.'}, 'request_id': 'req_011CcziVbuCPSeiGTkJSkxTw'}
[2026-07-13T20:50:08Z] classify_jobs: job error: Accenture: Custom Software Engineer — Error code: 400 - {'type': 'error', 'error': {'type': 'invalid_request_error', 'message': 'Your credit balance is too low to access the Anthropic API. Please go to Plans & Billing to upgrade or purchase credits.'}, 'request_id': 'req_011CcziW3Me9guRgWs1fLvrA'}
[2026-07-13T20:50:14Z] classify_jobs: job error: Accenture: Custom Software Engineer — Error code: 400 - {'type': 'error', 'error': {'type': 'invalid_request_error', 'message': 'Your credit balance is too low to access the Anthropic API. Please go to Plans & Billing to upgrade or purchase credits.'}, 'request_id': 'req_011CcziWV6x6tLgNg92C8mcN'}
[2026-07-13T20:50:20Z] classify_jobs: job error: Accenture: Custom Software Engineer — Error code: 400 - {'type': 'error', 'error': {'type': 'invalid_request_error', 'message': 'Your credit balance is too low to access the Anthropic API. Please go to Plans & Billing to upgrade or purchase credits.'}, 'request_id': 'req_011CcziWveMKrAFKvk98AJGx'}
[2026-07-13T20:50:26Z] classify_jobs: job error: Accenture: Custom Software Engineer — Error code: 400 - {'type': 'error', 'error': {'type': 'invalid_request_error', 'message': 'Your credit balance is too low to access the Anthropic API. Please go to Plans & Billing to upgrade or purchase credits.'}, 'request_id': 'req_011CcziXNLSAe55an5vC7ocL'}
[2026-07-13T20:50:32Z] classify_jobs: job error: Accenture: Custom Software Engineer — Error code: 400 - {'type': 'error', 'error': {'type': 'invalid_request_error', 'message': 'Your credit balance is too low to access the Anthropic API. Please go to Plans & Billing to upgrade or purchase credits.'}, 'request_id': 'req_011CcziXow45jXMT8ofPorqN'}
[2026-07-13T20:50:38Z] classify_jobs: job error: Accenture: Custom Software Engineer — Error code: 400 - {'type': 'error', 'error': {'type': 'invalid_request_error', 'message': 'Your credit balance is too low to access the Anthropic API. Please go to Plans & Billing to upgrade or purchase credits.'}, 'request_id': 'req_011CcziYFbebrrJZ9ZFFBojC'}
[2026-07-13T20:50:44Z] classify_jobs: job error: Accenture: Custom Software Engineer — Error code: 400 - {'type': 'error', 'error': {'type': 'invalid_request_error', 'message': 'Your credit balance is too low to access the Anthropic API. Please go to Plans & Billing to upgrade or purchase credits.'}, 'request_id': 'req_011CcziYhKDuk1qYZxtDX1Nj'}
[2026-07-13T20:50:50Z] classify_jobs: job error: Accenture: Custom Software Engineer — Error code: 400 - {'type': 'error', 'error': {'type': 'invalid_request_error', 'message': 'Your credit balance is too low to access the Anthropic API. Please go to Plans & Billing to upgrade or purchase credits.'}, 'request_id': 'req_011CcziZ8uqut2XFTgrhMuaY'}
[2026-07-13T20:50:56Z] classify_jobs: job error: Accenture: Custom Software Engineer — Error code: 400 - {'type': 'error', 'error': {'type': 'invalid_request_error', 'message': 'Your credit balance is too low to access the Anthropic API. Please go to Plans & Billing to upgrade or purchase credits.'}, 'request_id': 'req_011CcziZaidFcYUwtnWwvxGS'}
[2026-07-13T20:51:02Z] classify_jobs: job error: Accenture: Custom Software Engineer — Error code: 400 - {'type': 'error', 'error': {'type': 'invalid_request_error', 'message': 'Your credit balance is too low to access the Anthropic API. Please go to Plans & Billing to upgrade or purchase credits.'}, 'request_id': 'req_011Cczia2D3q6Br6o85ruoui'}
[2026-07-13T20:51:08Z] classify_jobs: job error: Accenture: Custom Software Engineer — Error code: 400 - {'type': 'error', 'error': {'type': 'invalid_request_error', 'message': 'Your credit balance is too low to access the Anthropic API. Please go to Plans & Billing to upgrade or purchase credits.'}, 'request_id': 'req_011CcziaTreWapDqpf37ccmS'}
[2026-07-13T20:51:14Z] classify_jobs: job error: Accenture: Custom Software Engineer — Error code: 400 - {'type': 'error', 'error': {'type': 'invalid_request_error', 'message': 'Your credit balance is too low to access the Anthropic API. Please go to Plans & Billing to upgrade or purchase credits.'}, 'request_id': 'req_011CcziauaU8fpXxd4HJG9rR'}
[2026-07-13T20:51:20Z] classify_jobs: job error: Accenture: Custom Software Engineer — Error code: 400 - {'type': 'error', 'error': {'type': 'invalid_request_error', 'message': 'Your credit balance is too low to access the Anthropic API. Please go to Plans & Billing to upgrade or purchase credits.'}, 'request_id': 'req_011CczibNE6UsHEdZc8rf3z7'}
[2026-07-13T20:51:26Z] classify_jobs: job error: Accenture: Record to Report Ops Analyst — Error code: 400 - {'type': 'error', 'error': {'type': 'invalid_request_error', 'message': 'Your credit balance is too low to access the Anthropic API. Please go to Plans & Billing to upgrade or purchase credits.'}, 'request_id': 'req_011CczibnuuTXwHa9H9Yuqin'}
[2026-07-13T20:51:32Z] classify_jobs: job error: Accenture: Custom Software Engineer — Error code: 400 - {'type': 'error', 'error': {'type': 'invalid_request_error', 'message': 'Your credit balance is too low to access the Anthropic API. Please go to Plans & Billing to upgrade or purchase credits.'}, 'request_id': 'req_011CczicEYWfsgVTvQ64dFxY'}
[2026-07-13T20:51:38Z] classify_jobs: job error: Accenture: Business Advisory Analyst — Error code: 400 - {'type': 'error', 'error': {'type': 'invalid_request_error', 'message': 'Your credit balance is too low to access the Anthropic API. Please go to Plans & Billing to upgrade or purchase credits.'}, 'request_id': 'req_011Cczicg6f7fTWrs9TXKEM3'}
[2026-07-13T20:51:44Z] classify_jobs: job error: Accenture: Custom Software Engineer — Error code: 400 - {'type': 'error', 'error': {'type': 'invalid_request_error', 'message': 'Your credit balance is too low to access the Anthropic API. Please go to Plans & Billing to upgrade or purchase credits.'}, 'request_id': 'req_011Cczid7mkDthPeBPgtbLd6'}
[2026-07-13T20:51:50Z] classify_jobs: job error: Accenture: Custom Software Engineer — Error code: 400 - {'type': 'error', 'error': {'type': 'invalid_request_error', 'message': 'Your credit balance is too low to access the Anthropic API. Please go to Plans & Billing to upgrade or purchase credits.'}, 'request_id': 'req_011CczidZYYG2DaJurQ2NMpK'}
[2026-07-13T20:51:56Z] classify_jobs: job error: Accenture: Data Engineer — Error code: 400 - {'type': 'error', 'error': {'type': 'invalid_request_error', 'message': 'Your credit balance is too low to access the Anthropic API. Please go to Plans & Billing to upgrade or purchase credits.'}, 'request_id': 'req_011Cczie15CaDha8Mp7U4vt2'}
[2026-07-13T20:52:02Z] classify_jobs: job error: Accenture: Responsible AI Engineer — Error code: 400 - {'type': 'error', 'error': {'type': 'invalid_request_error', 'message': 'Your credit balance is too low to access the Anthropic API. Please go to Plans & Billing to upgrade or purchase credits.'}, 'request_id': 'req_011CczieSk3LiYmwmH1qvD6D'}
[2026-07-13T20:52:08Z] classify_jobs: job error: Accenture: Custom Software Engineer — Error code: 400 - {'type': 'error', 'error': {'type': 'invalid_request_error', 'message': 'Your credit balance is too low to access the Anthropic API. Please go to Plans & Billing to upgrade or purchase credits.'}, 'request_id': 'req_011CczietPthBpCm5ywpKWSa'}
[2026-07-13T20:52:14Z] classify_jobs: job error: Accenture: Application Support Engineer — Error code: 400 - {'type': 'error', 'error': {'type': 'invalid_request_error', 'message': 'Your credit balance is too low to access the Anthropic API. Please go to Plans & Billing to upgrade or purchase credits.'}, 'request_id': 'req_011CczifL3z18mwXYkVhitHE'}
[2026-07-13T20:52:20Z] classify_jobs: job error: Accenture: Custom Software Engineer — Error code: 400 - {'type': 'error', 'error': {'type': 'invalid_request_error', 'message': 'Your credit balance is too low to access the Anthropic API. Please go to Plans & Billing to upgrade or purchase credits.'}, 'request_id': 'req_011Cczifmgqw5Q3k6Hi2ea36'}
[2026-07-13T20:52:26Z] classify_jobs: job error: Accenture: Custom Software Engineer — Error code: 400 - {'type': 'error', 'error': {'type': 'invalid_request_error', 'message': 'Your credit balance is too low to access the Anthropic API. Please go to Plans & Billing to upgrade or purchase credits.'}, 'request_id': 'req_011CczigDoUGLu7UVQGZrJJA'}
[2026-07-13T20:52:32Z] classify_jobs: job error: Accenture: Custom Software Engineer — Error code: 400 - {'type': 'error', 'error': {'type': 'invalid_request_error', 'message': 'Your credit balance is too low to access the Anthropic API. Please go to Plans & Billing to upgrade or purchase credits.'}, 'request_id': 'req_011Cczigf3WujPyXBDidwsTA'}
[2026-07-13T20:52:38Z] classify_jobs: job error: Accenture: Packaged/SaaS Application Engineer — Error code: 400 - {'type': 'error', 'error': {'type': 'invalid_request_error', 'message': 'Your credit balance is too low to access the Anthropic API. Please go to Plans & Billing to upgrade or purchase credits.'}, 'request_id': 'req_011Cczih6oKN7CCmx1bJ4SWy'}
[2026-07-13T20:52:44Z] classify_jobs: job error: Accenture: Custom Software Engineer — Error code: 400 - {'type': 'error', 'error': {'type': 'invalid_request_error', 'message': 'Your credit balance is too low to access the Anthropic API. Please go to Plans & Billing to upgrade or purchase credits.'}, 'request_id': 'req_011CczihYLDwo44QpHyJzMNT'}
[2026-07-13T20:52:50Z] classify_jobs: job error: Accenture: Custom Software Engineer — Error code: 400 - {'type': 'error', 'error': {'type': 'invalid_request_error', 'message': 'Your credit balance is too low to access the Anthropic API. Please go to Plans & Billing to upgrade or purchase credits.'}, 'request_id': 'req_011CczihyyaMAquvd35cKsFc'}
[2026-07-13T20:52:56Z] classify_jobs: job error: Accenture: Custom Software Engineer — Error code: 400 - {'type': 'error', 'error': {'type': 'invalid_request_error', 'message': 'Your credit balance is too low to access the Anthropic API. Please go to Plans & Billing to upgrade or purchase credits.'}, 'request_id': 'req_011CcziiS3EiQCGQDnddU21j'}
[2026-07-13T20:53:02Z] classify_jobs: job error: Accenture: #ACN GN - SONG – C&S - Digital Commerce Platforms  — Error code: 400 - {'type': 'error', 'error': {'type': 'invalid_request_error', 'message': 'Your credit balance is too low to access the Anthropic API. Please go to Plans & Billing to upgrade or purchase credits.'}, 'request_id': 'req_011CcziisUvt8UvrLs3K5hns'}
[2026-07-13T20:53:08Z] classify_jobs: job error: Accenture: Packaged/SaaS Application Engineer — Error code: 400 - {'type': 'error', 'error': {'type': 'invalid_request_error', 'message': 'Your credit balance is too low to access the Anthropic API. Please go to Plans & Billing to upgrade or purchase credits.'}, 'request_id': 'req_011CczijJvsxJR3qrq4SSyCW'}
[2026-07-13T20:53:14Z] classify_jobs: job error: Accenture: Application Support Engineer — Error code: 400 - {'type': 'error', 'error': {'type': 'invalid_request_error', 'message': 'Your credit balance is too low to access the Anthropic API. Please go to Plans & Billing to upgrade or purchase credits.'}, 'request_id': 'req_011CczijkcDN8tNDeq2LXSjA'}
[2026-07-13T20:53:20Z] classify_jobs: job error: Accenture: Application Developer — Error code: 400 - {'type': 'error', 'error': {'type': 'invalid_request_error', 'message': 'Your credit balance is too low to access the Anthropic API. Please go to Plans & Billing to upgrade or purchase credits.'}, 'request_id': 'req_011CczikCH4XJc5DfPAKYqzB'}
[2026-07-13T20:53:26Z] classify_jobs: job error: Accenture: Data Engineer — Error code: 400 - {'type': 'error', 'error': {'type': 'invalid_request_error', 'message': 'Your credit balance is too low to access the Anthropic API. Please go to Plans & Billing to upgrade or purchase credits.'}, 'request_id': 'req_011Ccziken1MvVP3DPxS73om'}
[2026-07-13T20:53:32Z] classify_jobs: job error: Accenture: Packaged/SaaS Application Engineer — Error code: 400 - {'type': 'error', 'error': {'type': 'invalid_request_error', 'message': 'Your credit balance is too low to access the Anthropic API. Please go to Plans & Billing to upgrade or purchase credits.'}, 'request_id': 'req_011Cczim5YGzpJ2B76n9GXc1'}
[2026-07-13T20:53:38Z] classify_jobs: job error: Accenture: Record to Report Ops Associate — Error code: 400 - {'type': 'error', 'error': {'type': 'invalid_request_error', 'message': 'Your credit balance is too low to access the Anthropic API. Please go to Plans & Billing to upgrade or purchase credits.'}, 'request_id': 'req_011CczimXBsv4mGAWH8zULjW'}
[2026-07-13T20:53:44Z] classify_jobs: job error: Accenture: Technology Delivery Lead Assoc Manager — Error code: 400 - {'type': 'error', 'error': {'type': 'invalid_request_error', 'message': 'Your credit balance is too low to access the Anthropic API. Please go to Plans & Billing to upgrade or purchase credits.'}, 'request_id': 'req_011CczimxtTJfn8yPwQW9tQq'}
[2026-07-13T20:53:50Z] classify_jobs: job error: Accenture: Custom Software Engineer — Error code: 400 - {'type': 'error', 'error': {'type': 'invalid_request_error', 'message': 'Your credit balance is too low to access the Anthropic API. Please go to Plans & Billing to upgrade or purchase credits.'}, 'request_id': 'req_011CczinQVpuPxnAmNJczxpo'}
[2026-07-13T20:53:56Z] classify_jobs: job error: Accenture: SAP Financial Planning and Analytics — Error code: 400 - {'type': 'error', 'error': {'type': 'invalid_request_error', 'message': 'Your credit balance is too low to access the Anthropic API. Please go to Plans & Billing to upgrade or purchase credits.'}, 'request_id': 'req_011CczinrEsxdpfYDYS6zRW3'}
[2026-07-13T20:54:05Z] classify_jobs: job error: Accenture: Application Support Engineer — Error code: 400 - {'type': 'error', 'error': {'type': 'invalid_request_error', 'message': 'Your credit balance is too low to access the Anthropic API. Please go to Plans & Billing to upgrade or purchase credits.'}, 'request_id': 'req_011CczioJJYBT3ZurxMxn47B'}
[2026-07-13T20:54:08Z] classify_jobs: job error: Accenture: Insurance Operations Associate — Error code: 400 - {'type': 'error', 'error': {'type': 'invalid_request_error', 'message': 'Your credit balance is too low to access the Anthropic API. Please go to Plans & Billing to upgrade or purchase credits.'}, 'request_id': 'req_011CcziojTcwK9CWNCepJYzf'}
[2026-07-13T20:54:14Z] classify_jobs: job error: Accenture: Data Engineer — Error code: 400 - {'type': 'error', 'error': {'type': 'invalid_request_error', 'message': 'Your credit balance is too low to access the Anthropic API. Please go to Plans & Billing to upgrade or purchase credits.'}, 'request_id': 'req_011CczipBBSYkbW9xeLyKhX3'}
[2026-07-13T20:54:20Z] classify_jobs: job error: Accenture: Custom Software Engineer — Error code: 400 - {'type': 'error', 'error': {'type': 'invalid_request_error', 'message': 'Your credit balance is too low to access the Anthropic API. Please go to Plans & Billing to upgrade or purchase credits.'}, 'request_id': 'req_011Cczipcma1eahZPBcc5Wg5'}
[2026-07-13T20:54:26Z] classify_jobs: job error: Accenture: Web Developer — Error code: 400 - {'type': 'error', 'error': {'type': 'invalid_request_error', 'message': 'Your credit balance is too low to access the Anthropic API. Please go to Plans & Billing to upgrade or purchase credits.'}, 'request_id': 'req_011Ccziq4focniyNrba2TZKR'}
[2026-07-13T20:54:32Z] classify_jobs: job error: Accenture: Web Developer — Error code: 400 - {'type': 'error', 'error': {'type': 'invalid_request_error', 'message': 'Your credit balance is too low to access the Anthropic API. Please go to Plans & Billing to upgrade or purchase credits.'}, 'request_id': 'req_011CcziqW52H62H2s3yKAuQX'}
[2026-07-13T20:54:38Z] classify_jobs: job error: Accenture: Custom Software Engineer — Error code: 400 - {'type': 'error', 'error': {'type': 'invalid_request_error', 'message': 'Your credit balance is too low to access the Anthropic API. Please go to Plans & Billing to upgrade or purchase credits.'}, 'request_id': 'req_011Ccziqwq4mNhrSs8CYcoh6'}
[2026-07-13T20:54:44Z] classify_jobs: job error: Accenture: Application Support Engineer — Error code: 400 - {'type': 'error', 'error': {'type': 'invalid_request_error', 'message': 'Your credit balance is too low to access the Anthropic API. Please go to Plans & Billing to upgrade or purchase credits.'}, 'request_id': 'req_011CczirPPDaPqgjPcwQCS81'}
[2026-07-13T20:54:50Z] classify_jobs: job error: Accenture: Custom Software Engineer — Error code: 400 - {'type': 'error', 'error': {'type': 'invalid_request_error', 'message': 'Your credit balance is too low to access the Anthropic API. Please go to Plans & Billing to upgrade or purchase credits.'}, 'request_id': 'req_011Cczirq44KWsSwLmeqWGWm'}
[2026-07-13T20:54:56Z] classify_jobs: job error: Accenture: Custom Software Engineer — Error code: 400 - {'type': 'error', 'error': {'type': 'invalid_request_error', 'message': 'Your credit balance is too low to access the Anthropic API. Please go to Plans & Billing to upgrade or purchase credits.'}, 'request_id': 'req_011CczisGgAfXVUzqogLnPQX'}
[2026-07-13T20:55:02Z] classify_jobs: job error: Accenture: Custom Software Engineer — Error code: 400 - {'type': 'error', 'error': {'type': 'invalid_request_error', 'message': 'Your credit balance is too low to access the Anthropic API. Please go to Plans & Billing to upgrade or purchase credits.'}, 'request_id': 'req_011CczisiMFuDXLhMYvxw72n'}
[2026-07-13T20:55:08Z] classify_jobs: job error: Accenture: Sales Capture Manager — Error code: 400 - {'type': 'error', 'error': {'type': 'invalid_request_error', 'message': 'Your credit balance is too low to access the Anthropic API. Please go to Plans & Billing to upgrade or purchase credits.'}, 'request_id': 'req_011Cczit9ycwGmmojioDLqE8'}
[2026-07-13T20:55:14Z] classify_jobs: job error: Accenture: Custom Software Engineer — Error code: 400 - {'type': 'error', 'error': {'type': 'invalid_request_error', 'message': 'Your credit balance is too low to access the Anthropic API. Please go to Plans & Billing to upgrade or purchase credits.'}, 'request_id': 'req_011CczitbgCWLfZwbDZkFZnH'}
[2026-07-13T20:55:30Z] classify_companies: company error: Canonical: Error code: 400 - {'type': 'error', 'error': {'type': 'invalid_request_error', 'message': 'Your credit balance is too low to access the Anthropic API. Please go to Plans & Billing to upgrade or purchase credits.'}, 'request_id': 'req_011Ccziunx8pfVzR8Mzv8Ku9'}
[2026-07-13T20:55:36Z] classify_companies: company error: GeoPhy: Error code: 400 - {'type': 'error', 'error': {'type': 'invalid_request_error', 'message': 'Your credit balance is too low to access the Anthropic API. Please go to Plans & Billing to upgrade or purchase credits.'}, 'request_id': 'req_011CczivEkuzUxBX5Siy2Ds3'}
[2026-07-13T20:55:42Z] classify_companies: company error: Clarity AI: Error code: 400 - {'type': 'error', 'error': {'type': 'invalid_request_error', 'message': 'Your credit balance is too low to access the Anthropic API. Please go to Plans & Billing to upgrade or purchase credits.'}, 'request_id': 'req_011CczivgANpzBsgN3vPXVSG'}
